index_i,index_j,geodesique_km,routier_km,asymetrie_km,ratio
4,5,334.981,433.89,0.78,1.2953
4,6,332.158,432.635,0.69,1.3025
4,8,329.932,423.16,0.16,1.2826
4,9,325.722,418.32,0.24,1.2843
4,12,327.673,422.28,3.0,1.2887
4,14,321.341,413.86,1.76,1.2879
4,15,333.122,426.11,0.8,1.2791
4,19,353.368,450.415,0.61,1.2746
4,25,312.502,404.035,0.55,1.2929
4,26,320.023,409.25,1.16,1.2788
4,28,326.721,425.75,0.7,1.3031
4,32,285.337,363.735,1.37,1.2748
4,33,343.276,437.485,0.89,1.2744
4,34,309.07,399.27,0.84,1.2918
4,35,333.605,425.005,0.87,1.274
4,36,305.961,381.715,1.45,1.2476
4,37,378.728,487.725,0.91,1.2878
4,38,365.426,486.615,0.39,1.3316
4,43,327.754,530.93,0.4,1.6199
4,44,311.812,476.07,0.58,1.5268
4,45,303.862,494.57,0.12,1.6276
4,49,285.813,369.375,1.31,1.2924
4,50,257.74,337.405,1.21,1.3091
4,52,223.334,285.76,0.92,1.2795
4,55,226.125,290.415,1.03,1.2843
4,59,219.507,281.8,0.66,1.2838
4,60,222.748,294.76,1.04,1.3233
4,62,204.198,264.33,0.94,1.2945
4,65,202.628,262.055,1.03,1.2933
4,68,169.257,219.72,1.04,1.2981
4,69,115.28,165.555,1.61,1.4361
4,70,121.332,175.48,1.56,1.4463
4,73,105.573,166.13,1.08,1.5736
4,76,150.038,206.065,1.25,1.3734
4,78,201.097,227.72,1.18,1.1324
4,79,229.52,262.875,1.17,1.1453
4,80,199.529,236.205,1.33,1.1838
4,81,207.463,252.305,1.17,1.2161
4,82,184.41,276.505,1.23,1.4994
4,84,184.075,225.52,9.58,1.2252
4,85,141.332,198.07,28.18,1.4015
4,89,30.826,33.86,0.06,1.0984
4,90,26.947,36.9,0.02,1.3694
4,91,13.76,15.71,0.06,1.1417
4,96,109.28,128.76,0.7,1.1783
4,97,92.764,119.285,0.71,1.2859
4,98,135.113,153.94,9.58,1.1393
4,99,163.489,193.24,9.64,1.182
4,101,180.679,213.53,0.08,1.1818
5,6,2.823,4.685,0.41,1.6596
5,8,13.401,16.815,2.59,1.2548
5,9,15.185,16.895,0.57,1.1126
5,12,15.732,16.985,0.11,1.0796
5,14,16.915,22.33,0.26,1.3201
5,15,11.725,18.05,0.66,1.5394
5,19,25.473,34.65,2.64,1.3603
5,25,22.542,33.53,3.56,1.4874
5,26,14.967,24.235,0.37,1.6192
5,28,19.764,23.225,3.65,1.1751
5,32,59.116,82.075,3.05,1.3884
5,33,68.687,123.91,31.06,1.804
5,34,58.131,93.1,16.22,1.6016
5,35,60.081,111.33,31.24,1.853
5,36,34.418,52.105,8.25,1.5139
5,37,59.5,79.67,0.78,1.339
5,38,56.416,78.56,0.26,1.3925
5,43,103.472,132.735,3.33,1.2828
5,44,68.446,77.87,3.52,1.1377
5,45,86.645,96.375,2.81,1.1123
5,49,163.552,184.3,2.82,1.1269
5,50,169.538,194.095,2.81,1.1448
5,52,120.205,168.8,1.32,1.4043
5,55,115.541,150.895,0.11,1.306
5,59,120.729,155.905,0.07,1.2914
5,60,130.116,187.68,0.78,1.4424
5,62,144.765,192.615,0.23,1.3305
5,65,166.28,224.775,0.31,1.3518
5,68,178.575,220.55,0.14,1.2351
5,69,240.423,283.915,0.27,1.1809
5,70,234.071,275.84,0.08,1.1784
5,73,247.716,301.035,4.91,1.2152
5,76,211.111,256.235,0.15,1.2137
5,78,134.755,205.525,1.09,1.5252
5,79,108.854,138.57,0.84,1.273
5,80,149.723,181.975,0.75,1.2154
5,81,132.667,179.34,0.82,1.3518
5,82,232.497,289.43,0.86,1.2449
5,84,266.18,330.835,0.93,1.2429
5,85,217.812,315.22,0.92,1.4472
5,89,359.286,461.225,0.69,1.2837
5,90,335.446,441.25,0.62,1.3154
5,91,324.336,411.565,0.13,1.2689
5,96,438.272,548.615,0.09,1.2518
5,97,423.818,539.14,0.1,1.2721
5,98,305.852,469.285,0.45,1.5344
5,99,333.12,508.585,0.51,1.5267
5,101,383.844,561.415,0.49,1.4626
6,8,12.594,16.485,2.19,1.309
6,9,13.635,16.57,0.96,1.2153
6,12,14.614,16.66,0.28,1.14
6,14,14.729,22.0,0.66,1.4937
6,15,11.604,17.725,0.27,1.5275
6,19,27.556,36.105,1.35,1.3102
6,25,19.73,30.065,0.07,1.5238
6,26,12.148,22.425,0.05,1.846
6,28,18.722,22.895,3.25,1.2229
6,32,56.671,80.82,1.58,1.4261
6,33,68.765,122.83,32.18,1.7862
6,34,56.697,92.015,17.33,1.6229
6,35,59.794,94.085,0.05,1.5735
6,36,32.009,46.3,0.06,1.4465
6,37,61.518,79.34,0.38,1.2897
6,38,57.854,78.235,0.13,1.3523
6,43,102.913,132.41,2.94,1.2866
6,44,67.317,77.55,3.12,1.152
6,45,85.382,96.05,2.42,1.1249
6,49,162.125,183.97,2.42,1.1347
6,50,167.727,193.77,2.42,1.1553
6,52,117.506,167.54,0.16,1.4258
6,55,112.82,149.635,1.35,1.3263
6,59,117.98,154.645,1.41,1.3108
6,60,127.532,186.42,0.68,1.4618
6,62,142.094,191.355,1.23,1.3467
6,65,163.765,223.515,1.15,1.3649
6,68,175.844,219.295,1.33,1.2471
6,69,237.669,282.655,1.19,1.1893
6,70,231.323,274.585,1.39,1.187
6,73,244.947,299.775,3.45,1.2238
6,76,208.422,254.975,1.31,1.2234
6,78,131.947,204.265,2.55,1.5481
6,79,106.1,138.24,0.44,1.3029
6,80,147.07,181.65,0.36,1.2351
6,81,129.92,179.015,0.41,1.3779
6,82,230.124,289.11,0.46,1.2563
6,84,263.843,330.51,0.52,1.2527
6,85,215.122,313.965,2.39,1.4595
6,89,356.466,459.965,0.77,1.2903
6,90,332.636,439.99,0.84,1.3227
6,91,321.515,410.305,1.33,1.2762
6,96,435.458,547.36,1.38,1.257
6,97,421.0,537.88,1.36,1.2776
6,98,303.286,468.025,1.03,1.5432
6,99,330.655,507.325,0.95,1.5343
6,101,381.373,560.155,0.97,1.4688
8,9,4.221,4.975,0.37,1.1786
8,12,2.739,3.945,0.45,1.4403
8,14,8.876,11.025,0.47,1.2421
8,15,3.311,4.28,0.02,1.2927
8,19,23.912,27.79,0.32,1.1622
8,25,20.261,24.265,1.55,1.1976
8,26,15.274,20.66,0.92,1.3526
8,28,6.422,9.29,0.48,1.4466
8,32,62.151,71.335,2.11,1.1478
8,33,81.262,124.47,9.4,1.5317
8,34,66.858,86.265,9.35,1.2903
8,35,72.032,111.995,9.37,1.5548
8,36,38.573,45.55,0.82,1.1809
8,37,55.691,64.955,0.01,1.1663
8,38,49.285,63.845,0.51,1.2954
8,43,90.319,117.98,0.84,1.3063
8,44,55.058,63.12,1.02,1.1464
8,45,73.304,81.62,0.32,1.1134
8,49,150.304,169.545,0.33,1.128
8,50,156.833,179.34,0.32,1.1435
8,52,119.633,158.06,0.38,1.3212
8,55,114.623,140.16,0.82,1.2228
8,59,119.238,145.165,0.87,1.2174
8,60,131.033,176.94,0.16,1.3503
8,62,144.501,181.88,0.7,1.2587
8,65,167.822,214.035,0.63,1.2754
8,68,177.209,209.81,0.8,1.184
8,69,238.496,273.18,0.66,1.1454
8,70,232.265,265.1,0.86,1.1414
8,73,245.429,290.3,3.98,1.1828
8,76,210.396,245.495,0.79,1.1668
8,78,128.955,194.785,2.03,1.5105
8,79,101.758,127.3,1.98,1.251
8,80,141.063,170.705,1.91,1.2101
8,81,125.318,168.07,1.96,1.3411
8,82,221.64,278.165,2.01,1.255
8,84,255.122,319.565,2.07,1.2526
8,85,209.445,304.485,1.85,1.4538
8,89,354.912,450.49,0.24,1.2693
8,90,329.408,430.515,0.31,1.3069
8,91,318.965,400.83,0.8,1.2567
8,96,434.35,537.88,0.84,1.2384
8,97,419.616,528.405,0.83,1.2593
8,98,296.194,458.545,0.49,1.5481
8,99,322.735,497.85,0.42,1.5426
8,101,373.482,550.68,0.44,1.4744
9,12,2.679,3.455,0.09,1.2897
9,14,4.785,6.55,0.54,1.3689
9,15,7.423,9.01,0.38,1.2138
9,19,28.099,33.315,0.19,1.1856
9,25,16.561,19.425,1.15,1.1729
9,26,12.618,15.62,0.12,1.2379
9,28,5.906,8.01,0.42,1.3562
9,32,58.8,66.5,2.52,1.131
9,33,81.265,119.64,9.0,1.4722
9,34,64.997,81.425,8.95,1.2528
9,35,71.617,107.155,8.97,1.4962
9,36,35.709,40.71,0.42,1.14
9,37,59.48,70.625,0.49,1.1874
9,38,52.459,69.515,0.03,1.3251
9,43,90.03,115.33,0.52,1.281
9,44,53.775,60.47,0.34,1.1245
9,45,71.766,78.97,1.04,1.1004
9,49,148.495,166.895,1.03,1.1239
9,50,154.368,176.69,1.04,1.1446
9,52,115.622,153.22,0.78,1.3252
9,55,110.582,135.32,0.42,1.2237
9,59,115.144,140.325,0.47,1.2187
9,60,127.187,172.105,0.25,1.3532
9,62,140.507,177.04,0.3,1.26
9,65,164.037,209.2,0.22,1.2753
9,68,173.105,204.975,0.39,1.1841
9,69,234.346,268.34,0.26,1.1451
9,70,228.122,260.265,0.45,1.1409
9,73,241.259,285.46,4.38,1.1832
9,76,206.338,240.655,0.39,1.1663
9,78,124.758,189.95,1.62,1.5225
9,79,97.629,122.825,1.71,1.2581
9,80,137.135,166.235,1.63,1.2122
9,81,121.221,163.595,1.69,1.3496
9,82,218.241,273.685,1.73,1.254
9,84,251.795,315.09,1.8,1.2514
9,85,205.488,299.645,1.45,1.4582
9,89,350.692,445.65,0.16,1.2708
9,90,325.236,425.675,0.09,1.3088
9,91,314.764,395.99,0.4,1.2581
9,96,430.13,533.04,0.44,1.2393
9,97,415.396,523.565,0.43,1.2604
9,98,292.479,453.705,0.09,1.5512
9,99,319.203,493.01,0.02,1.5445
9,101,369.947,545.84,0.04,1.4755
12,14,7.36,10.5,2.14,1.4266
12,15,5.972,8.165,0.41,1.3672
12,19,25.885,34.34,5.24,1.3266
12,25,19.221,23.39,1.62,1.2169
12,26,15.178,19.095,0.23,1.2581
12,28,4.112,6.305,0.69,1.5333
12,32,61.479,70.46,5.28,1.1461
12,33,82.935,123.6,6.24,1.4903
12,34,67.412,85.39,6.18,1.2667
12,35,73.481,111.12,6.2,1.5122
12,36,38.347,44.675,2.35,1.165
12,37,56.886,69.745,2.25,1.226
12,38,49.781,68.64,1.74,1.3788
12,43,88.453,115.255,0.75,1.303
12,44,52.752,60.395,0.57,1.1449
12,45,70.915,78.895,1.27,1.1125
12,49,147.838,166.82,1.26,1.1284
12,50,154.192,176.615,1.27,1.1454
12,52,118.129,157.19,3.54,1.3307
12,55,113.066,139.285,2.35,1.2319
12,59,117.578,144.29,2.3,1.2272
12,60,129.78,176.065,3.01,1.3566
12,62,143.024,181.005,2.47,1.2656
12,65,166.651,213.16,2.54,1.2791
12,68,175.523,208.935,2.37,1.1904
12,69,236.697,272.3,2.5,1.1504
12,70,230.486,264.23,2.3,1.1464
12,73,243.572,289.42,7.14,1.1882
12,76,208.803,244.62,2.38,1.1715
12,78,126.65,193.91,1.14,1.5311
12,79,99.315,125.46,0.02,1.2633
12,80,138.448,168.865,0.05,1.2197
12,81,122.834,166.23,0.0,1.3533
12,82,218.902,276.325,0.05,1.2623
12,84,252.382,317.725,0.11,1.2589
12,85,206.844,303.605,1.31,1.4678
12,89,352.738,449.61,2.92,1.2746
12,90,327.03,429.64,2.86,1.3138
12,91,316.667,399.955,2.37,1.263
12,96,432.23,537.005,2.31,1.2424
12,97,417.46,527.525,2.33,1.2637
12,98,293.497,457.67,2.68,1.5594
12,99,320.007,496.975,2.75,1.553
12,101,370.755,549.8,2.72,1.4829
14,15,11.859,14.55,0.28,1.2269
14,19,32.782,38.855,0.09,1.1853
14,25,11.937,14.055,1.45,1.1774
14,26,9.368,12.095,0.81,1.2911
14,28,9.4,13.205,1.79,1.4048
14,32,54.305,62.04,4.02,1.1424
14,33,79.92,115.175,7.49,1.4411
14,34,61.771,76.965,7.43,1.246
14,35,69.851,102.7,7.46,1.4703
14,36,31.665,36.25,1.1,1.1448
14,37,64.243,76.165,0.39,1.1856
14,38,56.973,75.05,0.12,1.3173
14,43,91.536,118.84,0.22,1.2983
14,44,54.313,63.98,0.4,1.178
14,45,71.899,82.48,0.3,1.1472
14,49,148.142,170.405,0.29,1.1503
14,50,153.15,183.9,7.1,1.2008
14,52,110.838,148.765,2.29,1.3422
14,55,105.802,130.86,1.1,1.2368
14,59,110.38,135.87,1.04,1.2309
14,60,122.422,167.64,1.76,1.3694
14,62,135.723,172.58,1.22,1.2716
14,65,159.29,204.735,1.29,1.2853
14,68,168.346,200.515,1.11,1.1911
14,69,229.62,263.88,1.26,1.1492
14,70,223.389,255.805,1.05,1.1451
14,73,236.557,281.0,5.9,1.1879
14,76,201.562,236.195,1.13,1.1718
14,78,120.461,185.485,0.11,1.5398
14,79,93.595,118.455,0.01,1.2656
14,80,133.577,161.86,0.06,1.2117
14,81,117.267,159.225,0.01,1.3578
14,82,215.616,269.32,0.04,1.2491
14,84,249.278,310.72,0.1,1.2465
14,85,201.849,295.19,0.06,1.4624
14,89,346.214,441.19,1.68,1.2743
14,90,321.031,421.215,1.61,1.3121
14,91,310.435,391.53,1.12,1.2612
14,96,425.598,528.585,1.07,1.242
14,97,410.898,519.105,1.09,1.2633
14,98,289.303,449.25,1.42,1.5529
14,99,316.34,488.55,1.5,1.5444
14,101,367.073,541.38,1.48,1.4749
15,19,21.031,25.61,0.28,1.2177
15,25,22.709,27.215,0.59,1.1984
15,26,16.979,23.615,0.03,1.3908
15,28,9.104,11.84,0.8,1.3005
15,32,64.066,74.29,3.06,1.1596
15,33,80.289,127.43,8.44,1.5871
15,34,67.406,89.215,8.39,1.3235
15,35,71.397,114.95,8.42,1.61
15,36,40.107,48.505,0.13,1.2094
15,37,53.475,63.185,0.85,1.1816
15,38,47.845,62.075,0.35,1.2974
15,43,91.762,120.53,0.54,1.3135
15,44,57.219,65.67,0.72,1.1477
15,45,75.583,84.175,0.01,1.1137
15,49,152.694,172.1,0.02,1.1271
15,50,159.589,181.895,0.01,1.1398
15,52,122.278,161.015,1.33,1.3168
15,55,117.314,143.11,0.14,1.2199
15,59,122.012,148.12,0.08,1.214
15,60,133.452,179.895,0.79,1.348
15,62,147.116,184.83,0.26,1.2564
15,65,170.155,216.985,0.33,1.2752
15,68,179.995,212.765,0.15,1.1821
15,69,241.368,276.135,0.29,1.144
15,70,235.121,268.055,0.09,1.1401
15,73,248.346,293.255,4.93,1.1808
15,76,213.101,248.45,0.16,1.1659
15,78,132.174,197.735,1.07,1.496
15,79,105.039,130.79,0.82,1.2452
15,80,144.373,174.19,0.74,1.2065
15,81,128.612,171.555,0.79,1.3339
15,82,224.819,281.65,0.84,1.2528
15,84,258.272,323.05,0.9,1.2508
15,85,212.756,307.44,0.9,1.445
15,89,358.051,453.44,0.72,1.2664
15,90,332.66,433.47,0.64,1.303
15,91,322.177,403.78,0.16,1.2533
15,96,437.452,540.835,0.11,1.2363
15,97,422.743,531.36,0.12,1.2569
15,98,299.469,461.5,0.46,1.5411
15,99,325.958,500.805,0.53,1.5364
15,101,376.705,553.63,0.52,1.4697
19,25,43.64,51.52,0.78,1.1806
19,26,37.295,47.92,0.16,1.2849
19,28,26.668,35.74,0.96,1.3402
19,32,83.96,98.6,2.88,1.1744
19,33,88.34,151.735,8.63,1.7176
19,34,83.098,113.525,8.59,1.3662
19,35,81.621,139.255,8.61,1.7061
19,36,59.431,72.81,0.06,1.2251
19,37,34.03,39.225,0.13,1.1527
19,38,32.699,42.55,0.02,1.3013
19,43,92.374,144.425,0.37,1.5635
19,44,64.403,89.57,0.56,1.3908
19,45,82.799,108.065,0.15,1.3051
19,49,159.416,195.995,0.15,1.2295
19,50,169.548,205.785,0.15,1.2137
19,52,143.245,185.32,1.14,1.2937
19,55,138.313,167.42,0.06,1.2104
19,59,143.041,172.425,0.11,1.2054
19,60,154.155,204.2,0.6,1.3246
19,62,168.054,209.14,0.06,1.2445
19,65,190.697,241.3,0.14,1.2654
19,68,201.024,237.075,0.03,1.1793
19,69,262.387,300.44,0.1,1.145
19,70,256.146,292.36,0.1,1.1414
19,73,269.339,317.56,4.74,1.179
19,76,234.101,272.755,0.03,1.1651
19,78,152.285,222.045,1.27,1.4581
19,79,124.54,157.43,5.68,1.2641
19,80,162.389,200.835,5.61,1.2368
19,81,147.823,198.2,5.66,1.3408
19,82,239.442,308.29,5.7,1.2875
19,84,272.397,349.695,5.77,1.2838
19,85,230.828,331.745,1.09,1.4372
19,89,378.559,477.75,0.52,1.262
19,90,352.396,457.775,0.45,1.299
19,91,342.278,428.09,0.04,1.2507
19,96,458.094,565.14,0.08,1.2337
19,97,443.297,555.665,0.07,1.2535
19,98,315.846,485.805,0.27,1.5381
19,99,341.179,525.11,0.34,1.5391
19,101,391.895,577.94,0.32,1.4747
25,26,7.607,10.225,0.41,1.3442
25,28,21.174,26.86,2.08,1.2685
25,32,42.391,52.22,2.82,1.2319
25,33,74.225,105.355,8.69,1.4194
25,34,51.978,67.14,8.64,1.2917
25,35,63.301,92.87,8.66,1.4671
25,36,20.542,26.43,0.1,1.2866
25,37,75.948,88.83,0.48,1.1696
25,38,68.91,87.725,0.99,1.273
25,43,99.242,132.04,0.98,1.3305
25,44,60.605,77.18,0.8,1.2735
25,45,77.01,95.68,1.5,1.2424
25,49,151.537,183.6,1.5,1.2116
25,50,154.39,189.9,0.14,1.23
25,52,99.605,138.945,1.09,1.395
25,55,94.683,121.04,0.1,1.2784
25,59,99.498,126.045,0.15,1.2668
25,60,110.785,157.82,0.56,1.4246
25,62,124.423,162.755,0.01,1.3081
25,65,147.561,194.915,0.09,1.3209
25,68,157.479,190.69,0.08,1.2109
25,69,219.024,254.055,0.05,1.1599
25,70,212.738,245.985,0.15,1.1563
25,73,226.127,271.175,4.69,1.1992
25,76,190.47,226.375,0.07,1.1885
25,78,112.217,175.665,1.31,1.5654
25,79,86.569,120.875,0.07,1.3963
25,80,128.075,164.28,0.14,1.2827
25,81,110.416,204.355,1.31,1.8508
25,82,212.813,271.74,0.04,1.2769
25,84,246.732,313.14,0.02,1.2692
25,85,195.886,285.365,1.15,1.4568
25,89,336.937,431.365,0.47,1.2803
25,90,312.906,411.395,0.41,1.3148
25,91,301.819,381.71,0.08,1.2647
25,96,416.053,518.76,0.14,1.2469
25,97,401.518,509.28,0.12,1.2684
25,98,284.729,439.425,0.23,1.5433
25,99,312.7,478.725,0.29,1.5309
25,101,363.363,531.555,0.27,1.4629
26,28,18.312,24.97,1.3,1.3636
26,32,47.088,57.43,1.12,1.2196
26,33,71.075,85.73,0.56,1.2062
26,34,52.51,61.96,0.2,1.18
26,35,60.758,72.76,0.04,1.1975
26,36,23.3,24.97,0.14,1.0717
26,37,70.409,85.225,0.15,1.2104
26,38,64.554,84.115,0.37,1.303
26,43,100.685,130.15,0.2,1.2926
26,44,62.996,75.29,0.02,1.1952
26,45,80.199,93.79,0.72,1.1695
26,49,155.809,181.715,0.71,1.1663
26,50,159.723,193.43,0.2,1.211
26,52,106.212,144.15,0.62,1.3572
26,55,101.4,126.25,1.82,1.2451
26,59,106.387,131.255,1.87,1.2338
26,60,116.862,163.035,1.15,1.3951
26,62,130.937,167.97,1.7,1.2828
26,65,153.422,200.13,1.62,1.3044
26,68,164.331,195.905,1.79,1.1921
26,69,226.019,259.27,1.66,1.1471
26,70,219.703,251.195,1.85,1.1433
26,73,233.206,276.39,2.98,1.1852
26,76,197.136,231.585,1.79,1.1747
26,78,119.813,180.88,3.02,1.5097
26,79,94.145,124.4,0.12,1.3214
26,80,135.492,167.805,0.21,1.2385
26,81,117.986,209.57,3.02,1.7762
26,82,219.658,275.265,0.11,1.2532
26,84,253.512,316.66,0.04,1.2491
26,85,203.385,290.575,2.85,1.4287
26,89,344.38,436.58,1.24,1.2677
26,90,320.496,416.605,1.31,1.2999
26,91,309.369,386.92,1.8,1.2507
26,96,423.429,523.97,1.84,1.2374
26,97,408.936,514.495,1.83,1.2581
26,98,292.016,444.635,1.49,1.5226
26,99,319.785,483.94,1.42,1.5133
26,101,370.469,536.77,1.44,1.4489
28,32,63.556,73.93,1.58,1.1632
28,33,86.988,127.065,9.93,1.4607
28,34,70.8,88.86,9.88,1.2551
28,35,77.451,114.59,9.9,1.4795
28,36,41.057,48.145,1.35,1.1726
28,37,55.996,65.815,0.39,1.1754
28,38,47.877,64.705,0.11,1.3515
28,43,84.364,110.27,0.06,1.3071
28,44,48.685,55.41,0.24,1.1381
28,45,66.895,73.915,0.47,1.1049
28,49,143.882,161.84,0.46,1.1248
28,50,150.509,171.63,0.46,1.1403
28,52,118.835,160.655,0.15,1.3519
28,55,113.682,142.755,1.35,1.2557
28,59,118.0,147.76,1.4,1.2522
28,60,130.902,179.535,0.69,1.3715
28,62,143.759,184.475,1.23,1.2832
28,65,167.884,216.63,1.16,1.2904
28,68,175.861,212.405,1.33,1.2078
28,69,236.795,275.77,1.2,1.1646
28,70,230.627,267.695,1.39,1.1607
28,73,243.552,292.89,3.44,1.2026
28,76,209.302,248.09,1.32,1.1853
28,78,125.629,197.38,2.56,1.5711
28,79,97.911,121.83,0.08,1.2443
28,80,136.385,165.24,0.16,1.2116
28,81,121.276,162.6,0.1,1.3407
28,82,215.961,272.695,0.05,1.2627
28,84,249.355,314.095,0.01,1.2596
28,85,204.822,307.075,2.39,1.4992
28,89,351.996,453.08,0.78,1.2872
28,90,325.751,433.11,0.84,1.3296
28,91,315.613,403.425,1.33,1.2782
28,96,431.613,540.47,1.38,1.2522
28,97,416.756,530.995,1.37,1.2741
28,98,290.979,461.14,1.02,1.5848
28,99,317.218,500.445,0.95,1.5776
28,101,367.967,553.27,0.98,1.5036
32,33,65.488,74.665,0.33,1.1401
32,34,29.332,36.45,0.38,1.2427
32,35,53.669,62.185,0.35,1.1587
32,36,24.708,29.9,3.72,1.2101
32,37,117.464,135.91,3.18,1.157
32,38,111.255,134.795,2.67,1.2116
32,43,133.425,179.11,2.68,1.3424
32,44,93.984,124.25,2.86,1.322
32,45,106.484,142.755,2.15,1.3406
32,49,172.471,230.68,2.16,1.3375
32,50,168.595,200.525,0.11,1.1894
32,52,63.776,98.645,1.91,1.5467
32,55,59.952,80.74,0.72,1.3467
32,59,66.154,85.745,0.67,1.2961
32,60,71.562,117.52,1.38,1.6422
32,62,87.341,122.46,0.84,1.4021
32,65,107.252,154.615,0.91,1.4416
32,68,122.366,150.39,0.74,1.229
32,69,184.576,213.755,0.87,1.1581
32,70,178.07,205.685,0.67,1.1551
32,73,192.439,230.88,5.52,1.1998
32,76,153.693,186.075,0.75,1.2107
32,78,92.812,135.365,0.49,1.4585
32,79,75.875,94.48,3.36,1.2452
32,80,119.651,182.095,0.39,1.5219
32,81,97.662,164.055,0.49,1.6798
32,82,211.213,275.415,0.35,1.304
32,84,245.33,316.815,0.41,1.2914
32,85,182.556,245.06,0.32,1.3424
32,89,307.728,391.07,1.3,1.2708
32,90,288.768,371.095,1.23,1.2851
32,91,275.694,341.41,0.74,1.2384
32,96,385.351,478.46,0.68,1.2416
32,97,371.57,468.985,0.71,1.2622
32,98,275.127,399.125,1.05,1.4507
32,99,306.277,438.43,1.12,1.4315
32,101,356.171,491.255,1.09,1.3793
33,34,36.547,38.98,0.04,1.0666
33,35,12.101,12.81,0.02,1.0586
33,36,59.623,74.86,0.0,1.2556
33,37,118.429,189.045,8.33,1.5963
33,38,120.93,187.935,8.85,1.5541
33,43,171.288,232.25,8.84,1.3559
33,44,134.071,177.39,8.66,1.3231
33,45,151.096,195.89,9.36,1.2965
33,49,225.505,283.815,9.35,1.2586
33,50,226.581,293.63,12.64,1.2959
33,52,120.412,172.385,1.43,1.4316
33,55,118.361,154.485,0.23,1.3052
33,59,125.312,159.49,0.18,1.2727
33,60,121.038,191.27,0.9,1.5802
33,62,139.412,196.205,0.35,1.4074
33,65,149.05,228.365,0.43,1.5321
33,68,175.053,224.14,0.26,1.2804
33,69,235.654,287.505,0.39,1.22
33,70,229.005,279.43,0.2,1.2202
33,73,244.451,304.625,5.03,1.2462
33,76,201.778,259.82,0.26,1.2877
33,78,157.699,209.115,0.97,1.326
33,79,141.137,168.225,3.85,1.1919
33,80,185.018,255.84,0.88,1.3828
33,81,163.15,237.805,0.97,1.4576
33,82,276.009,349.165,0.83,1.265
33,84,310.18,390.565,0.89,1.2592
33,85,247.765,318.81,0.8,1.2867
33,89,363.428,464.815,0.81,1.279
33,90,349.071,444.84,0.74,1.2744
33,91,334.618,415.155,0.25,1.2407
33,96,438.61,552.205,0.21,1.259
33,97,425.862,542.73,0.22,1.2744
33,98,340.548,472.87,0.56,1.3886
33,99,371.754,512.175,0.63,1.3777
33,101,421.657,565.005,0.61,1.34
34,35,25.208,26.5,0.0,1.0513
34,36,32.147,36.65,0.04,1.1401
34,37,116.878,150.83,8.28,1.2905
34,38,114.523,149.725,8.79,1.3074
34,43,150.834,194.035,8.79,1.2864
34,44,111.655,139.18,8.6,1.2465
34,45,126.694,157.68,9.3,1.2446
34,49,197.242,245.6,9.3,1.2452
34,50,195.476,255.42,12.58,1.3067
34,52,85.737,134.18,1.38,1.565
34,55,83.132,116.275,0.19,1.3987
34,59,89.948,121.285,0.13,1.3484
34,60,88.817,153.06,0.84,1.7233
34,62,106.594,157.99,0.3,1.4822
34,65,120.58,190.15,0.38,1.577
34,68,142.406,185.93,0.2,1.3056
34,69,204.056,249.295,0.33,1.2217
34,70,197.436,241.22,0.14,1.2218
34,73,212.494,266.415,4.97,1.2538
34,76,171.257,221.615,0.21,1.294
34,78,121.152,170.9,1.02,1.4106
34,79,105.206,130.015,3.91,1.2358
34,80,148.957,217.625,0.93,1.461
34,81,126.827,199.595,1.03,1.5738
34,82,240.52,310.95,0.88,1.2928
34,84,274.645,352.355,0.95,1.2829
34,85,211.225,280.6,0.86,1.3284
34,89,330.179,426.6,0.76,1.292
34,90,313.941,406.635,0.69,1.2953
34,91,300.009,376.945,0.21,1.2564
34,96,406.516,513.995,0.15,1.2644
34,97,393.297,504.52,0.16,1.2828
34,98,304.068,434.665,0.51,1.4295
34,99,335.47,473.965,0.57,1.4128
34,101,385.274,526.79,0.56,1.3673
35,36,47.796,62.38,0.02,1.3051
35,37,113.225,176.565,8.31,1.5594
35,38,114.313,175.455,8.81,1.5349
35,43,161.388,219.765,8.81,1.3617
35,44,123.614,164.91,8.62,1.3341
35,45,140.31,183.405,9.33,1.3071
35,49,214.135,271.335,9.33,1.2671
35,50,214.775,281.145,12.61,1.309
35,52,110.367,159.91,1.4,1.4489
35,55,108.015,142.005,0.21,1.3147
35,59,114.895,147.015,0.15,1.2796
35,60,112.123,178.785,0.87,1.5945
35,62,130.287,183.725,0.33,1.4102
35,65,141.748,215.88,0.4,1.523
35,68,166.066,211.66,0.22,1.2746
35,69,227.207,275.02,0.36,1.2104
35,70,220.565,266.95,0.16,1.2103
35,73,235.849,292.145,5.01,1.2387
35,76,193.762,247.34,0.24,1.2765
35,78,146.18,196.63,1.0,1.3451
35,79,129.156,155.75,3.88,1.2059
35,80,173.057,243.36,0.9,1.4062
35,81,151.298,225.33,1.0,1.4893
35,82,263.938,336.68,0.86,1.2756
35,84,298.111,378.08,0.92,1.2683
35,85,236.142,306.33,0.84,1.2972
35,89,354.26,452.335,0.79,1.2768
35,90,338.867,432.36,0.72,1.2759
35,91,324.721,402.675,0.23,1.2401
35,96,430.023,539.73,0.18,1.2551
35,97,417.046,530.25,0.2,1.2714
35,98,328.795,460.395,0.53,1.4002
35,99,359.854,499.695,0.61,1.3886
35,101,409.811,552.52,0.58,1.3482
36,37,93.161,110.12,0.24,1.182
36,38,87.844,109.01,0.26,1.2409
36,43,118.708,153.325,0.25,1.2916
36,44,79.51,98.465,0.07,1.2384
36,45,94.759,116.965,0.77,1.2343
36,49,166.783,204.885,0.77,1.2285
36,50,166.983,214.705,4.05,1.2858
36,52,87.081,116.62,1.98,1.3392
36,55,82.767,98.715,0.79,1.1927
36,59,88.455,103.725,0.73,1.1726
36,60,96.02,135.505,1.45,1.4112
36,62,111.248,140.435,0.91,1.2624
36,65,131.938,172.595,0.99,1.3082
36,68,145.74,168.375,0.81,1.1553
36,69,207.868,231.74,0.94,1.1148
36,70,201.426,223.665,0.75,1.1104
36,73,215.478,248.86,5.58,1.1549
36,76,177.677,204.055,0.81,1.1485
36,78,108.785,153.345,0.41,1.4096
36,79,86.772,112.46,3.3,1.296
36,80,130.272,200.07,0.32,1.5358
36,81,110.234,182.04,0.42,1.6514
36,82,218.915,293.395,0.27,1.3402
36,84,253.069,334.8,0.34,1.323
36,85,196.323,263.045,0.25,1.3399
36,89,329.224,409.05,1.36,1.2425
36,90,308.08,389.075,1.29,1.2629
36,91,295.858,359.385,0.81,1.2147
36,96,407.494,496.44,0.76,1.2183
36,97,393.415,486.965,0.77,1.2378
36,98,287.34,417.105,1.11,1.4516
36,99,316.902,456.41,1.18,1.4402
36,101,367.3,509.235,1.17,1.3864
37,38,15.729,24.555,0.45,1.5611
37,43,86.726,105.75,0.84,1.2194
37,44,73.191,119.65,1.12,1.6348
37,45,88.79,138.145,0.41,1.5559
37,49,159.41,226.07,0.42,1.4182
37,50,174.693,235.865,0.41,1.3502
37,52,174.829,222.63,1.44,1.2734
37,55,169.674,204.725,0.25,1.2066
37,59,173.922,209.735,0.19,1.2059
37,60,186.665,241.515,0.91,1.2938
37,62,199.752,246.445,0.37,1.2338
37,65,223.505,278.605,0.45,1.2465
37,68,231.69,274.385,0.27,1.1843
37,69,292.28,337.75,0.4,1.1556
37,70,286.185,329.675,0.21,1.152
37,73,298.818,354.87,5.04,1.1876
37,76,265.241,310.065,0.27,1.169
37,78,178.264,259.355,0.95,1.4549
37,79,149.282,192.4,0.7,1.2888
37,80,182.944,235.81,0.62,1.289
37,81,171.415,233.17,0.68,1.3603
37,82,251.771,343.265,0.73,1.3634
37,84,283.37,384.665,0.79,1.3575
37,85,250.622,369.055,0.79,1.4726
37,89,404.914,515.055,0.83,1.272
37,90,376.016,495.08,0.76,1.3166
37,91,367.141,465.395,0.27,1.2676
37,96,484.95,602.45,0.22,1.2423
37,97,469.754,592.975,0.23,1.2623
37,98,331.126,523.115,0.57,1.5798
37,99,353.832,562.42,0.64,1.5895
37,101,404.209,615.245,0.63,1.5221
38,43,71.82,83.195,0.31,1.1584
38,44,57.769,74.38,0.08,1.2875
38,45,73.086,92.765,0.05,1.2693
38,49,144.074,180.49,2.78,1.2528
38,50,159.007,199.83,18.74,1.2567
38,52,165.614,221.52,0.94,1.3376
38,55,160.287,203.62,0.26,1.2703
38,59,164.104,208.625,0.31,1.2713
38,60,178.375,240.4,0.4,1.3477
38,62,190.52,245.34,0.14,1.2877
38,65,215.46,277.495,0.07,1.2879
38,68,221.451,273.27,0.24,1.234
38,69,281.334,336.635,0.11,1.1966
38,70,275.35,328.56,0.3,1.1932
38,73,287.591,353.76,4.54,1.2301
38,76,255.292,308.955,0.23,1.2102
38,78,165.647,258.245,1.47,1.559
38,79,136.364,191.29,1.22,1.4028
38,80,168.604,234.7,1.14,1.392
38,81,157.965,232.065,1.19,1.4691
38,82,236.153,342.16,1.24,1.4489
38,84,267.678,343.805,2.69,1.2844
38,85,235.953,367.94,1.3,1.5594
38,89,391.972,513.95,0.32,1.3112
38,90,362.142,493.975,0.25,1.364
38,91,353.674,464.29,0.24,1.3128
38,96,472.159,601.335,0.29,1.2736
38,97,456.806,591.865,0.27,1.2957
38,98,315.703,522.005,0.07,1.6535
38,99,338.197,561.31,0.14,1.6597
38,101,388.546,614.135,0.11,1.5806
43,44,39.52,54.87,6.58,1.3884
43,45,30.221,58.165,0.27,1.9247
43,49,73.32,96.555,0.01,1.3169
43,50,92.173,123.88,0.02,1.344
43,52,164.832,265.835,0.95,1.6128
43,55,159.132,247.93,0.26,1.558
43,59,159.994,252.94,0.3,1.5809
43,60,181.381,284.715,0.41,1.5697
43,62,187.236,289.65,0.14,1.547
43,65,216.869,321.81,0.06,1.4839
43,68,209.934,317.585,0.23,1.5128
43,69,262.46,380.95,0.1,1.4515
43,70,257.417,372.875,0.29,1.4485
43,73,266.666,398.07,4.54,1.4928
43,76,243.707,353.27,0.22,1.4496
43,78,142.367,199.36,0.96,1.4003
43,79,114.59,166.165,0.87,1.4501
43,80,129.312,169.45,0.1,1.3104
43,81,128.533,206.935,0.89,1.61
43,82,175.652,228.155,0.01,1.2989
43,84,204.536,259.875,0.09,1.2706
43,85,189.173,256.775,0.01,1.3574
43,89,356.592,558.26,0.32,1.5655
43,90,319.886,538.285,0.25,1.6827
43,91,314.914,508.6,0.24,1.615
43,96,436.837,645.65,0.28,1.478
43,97,420.508,636.175,0.27,1.5129
43,98,257.712,330.505,0.09,1.2825
43,99,276.075,352.745,0.09,1.2777
43,101,325.461,406.72,0.18,1.2497
44,45,18.57,20.205,0.03,1.088
44,49,95.771,108.135,0.03,1.1291
44,50,105.235,117.925,0.03,1.1206
44,52,129.957,210.975,1.13,1.6234
44,55,124.249,193.075,0.07,1.5539
44,59,126.062,198.08,0.12,1.5713
44,60,145.73,229.855,0.59,1.5773
44,62,153.547,234.795,0.05,1.5291
44,65,182.142,266.95,0.12,1.4656
44,68,179.574,262.725,0.05,1.463
44,69,235.83,326.09,0.08,1.3827
44,70,230.312,318.015,0.11,1.3808
44,73,241.037,343.215,4.73,1.4239
44,76,213.758,298.41,0.04,1.396
44,78,116.178,139.225,0.09,1.1984
44,79,86.723,106.035,0.19,1.2227
44,80,112.913,149.435,0.11,1.3235
44,81,105.484,146.805,0.17,1.3917
44,82,178.77,224.785,0.05,1.2574
44,84,210.77,256.5,0.02,1.217
44,85,179.13,226.2,0.8,1.2628
44,89,339.314,503.405,0.51,1.4836
44,90,306.989,483.43,0.44,1.5747
44,91,299.631,453.745,0.05,1.5143
44,96,419.745,590.79,0.1,1.4075
44,97,403.974,581.315,0.09,1.439
44,98,257.949,327.13,0.02,1.2682
44,99,280.862,349.37,0.02,1.2439
44,101,331.344,403.345,0.11,1.2173
45,49,77.222,88.115,0.01,1.1411
45,50,87.218,97.91,0.0,1.1226
45,52,134.64,229.48,0.42,1.7044
45,55,128.944,211.575,0.77,1.6408
45,59,129.773,216.585,0.83,1.669
45,60,151.256,248.355,0.11,1.642
45,62,157.024,253.29,0.66,1.6131
45,65,186.653,285.45,0.58,1.5293
45,68,180.178,281.225,0.75,1.5608
45,69,233.809,344.59,0.62,1.4738
45,70,228.604,336.52,0.82,1.4721
45,73,238.365,361.71,4.02,1.5175
45,76,214.085,316.91,0.74,1.4803
45,78,113.503,154.56,0.02,1.3617
45,79,85.086,121.365,0.11,1.4264
45,80,104.347,142.26,0.04,1.3633
45,81,100.642,162.135,0.09,1.611
45,82,163.265,204.77,0.08,1.2542
45,84,194.596,236.485,0.01,1.2153
45,85,168.138,230.805,0.01,1.3727
45,89,332.06,521.9,0.2,1.5717
45,90,297.619,501.93,0.26,1.6865
45,91,291.346,472.245,0.75,1.6209
45,96,412.484,609.295,0.81,1.4771
45,97,396.425,599.815,0.79,1.5131
45,98,243.554,307.115,0.01,1.261
45,99,265.227,329.36,0.0,1.2418
45,101,315.508,383.33,0.08,1.215
49,50,28.199,32.835,0.01,1.1644
49,52,178.098,230.695,0.49,1.2953
49,55,173.097,236.84,0.58,1.3683
49,59,170.901,227.47,1.12,1.331
49,60,195.585,249.575,0.05,1.276
49,62,194.393,245.735,0.05,1.2641
49,65,224.975,277.895,0.13,1.2352
49,68,205.521,245.065,0.11,1.1924
49,69,245.027,288.915,0.17,1.1791
49,70,241.405,288.095,0.01,1.1934
49,73,246.661,300.7,0.0,1.2191
49,76,235.722,280.745,0.09,1.191
49,78,136.596,171.745,0.55,1.2573
49,79,119.026,145.305,0.05,1.2208
49,80,106.517,127.315,0.01,1.1953
49,81,119.145,169.145,0.01,1.4197
49,82,113.149,131.035,0.01,1.1581
49,84,137.322,162.75,0.06,1.1852
49,85,144.794,168.325,0.01,1.1625
49,89,316.187,396.705,1.23,1.2547
49,90,273.115,376.73,1.16,1.3794
49,91,272.245,347.045,0.67,1.2748
49,96,394.45,484.1,0.62,1.2273
49,97,377.44,474.62,0.64,1.2575
49,98,195.033,233.38,0.06,1.1966
49,99,208.559,255.62,0.06,1.2256
49,101,256.504,309.595,0.15,1.207
50,52,164.245,213.72,0.36,1.3012
50,55,159.701,218.38,0.26,1.3674
50,59,156.536,210.5,1.0,1.3447
50,60,181.407,232.6,0.18,1.2822
50,62,177.887,228.765,0.07,1.286
50,65,207.957,260.92,0.0,1.2547
50,68,185.15,228.09,0.24,1.2319
50,69,220.697,259.92,0.16,1.1777
50,70,217.434,263.18,0.06,1.2104
50,73,221.764,267.4,0.06,1.2058
50,76,213.801,271.75,0.02,1.271
50,78,118.365,154.775,0.43,1.3076
50,79,105.761,135.305,0.11,1.2793
50,80,84.692,110.345,0.11,1.3029
50,81,100.888,152.175,0.11,1.5084
50,82,86.323,110.32,0.04,1.278
50,84,112.852,142.04,0.12,1.2586
50,85,116.917,136.355,0.11,1.1663
50,89,288.166,364.74,1.14,1.2657
50,90,244.916,344.765,1.07,1.4077
50,91,244.151,315.08,0.58,1.2905
50,96,366.296,452.13,0.52,1.2343
50,97,349.272,442.655,0.55,1.2674
50,98,168.682,212.665,0.11,1.2607
50,99,184.454,234.91,0.12,1.2735
50,101,233.451,288.885,0.21,1.2375
52,55,5.716,7.15,1.02,1.2509
52,59,8.254,10.785,0.31,1.3066
52,60,17.528,22.065,0.15,1.2588
52,62,24.931,28.22,0.72,1.1319
52,65,52.207,60.42,1.56,1.1573
52,68,58.679,72.415,0.29,1.2341
52,69,120.864,135.78,0.42,1.1234
52,70,114.389,127.7,0.22,1.1164
52,73,128.664,152.9,5.06,1.1884
52,76,90.93,108.095,0.29,1.1888
52,78,51.951,56.655,0.57,1.0905
52,79,59.106,91.085,0.67,1.541
52,80,89.275,103.375,0.47,1.1579
52,81,66.681,85.345,0.57,1.2799
52,82,179.34,196.705,0.43,1.0968
52,84,211.76,238.105,0.49,1.1244
52,85,136.658,166.35,0.4,1.2173
52,89,244.705,313.09,0.84,1.2795
52,90,228.661,293.115,0.77,1.2819
52,91,214.354,263.43,0.28,1.2289
52,96,321.793,400.48,0.24,1.2445
52,97,308.206,391.005,0.25,1.2686
52,98,229.769,321.145,0.59,1.3977
52,99,263.958,360.45,0.66,1.3656
52,101,311.868,413.28,0.64,1.3252
55,59,7.044,10.045,0.29,1.426
55,60,22.855,28.96,0.88,1.2671
55,62,30.254,35.115,1.75,1.1607
55,65,57.922,67.315,2.59,1.1622
55,68,63.062,77.075,0.39,1.2222
55,69,125.111,140.44,0.52,1.1225
55,70,118.687,132.36,0.32,1.1152
55,73,132.729,157.56,5.16,1.1871
55,76,95.788,112.755,0.39,1.1771
55,78,49.352,61.315,0.47,1.2424
55,79,54.235,74.69,4.02,1.3772
55,80,86.164,108.035,0.37,1.2538
55,81,63.227,90.005,0.47,1.4235
55,82,177.039,201.365,0.33,1.1374
55,84,209.743,242.765,0.39,1.1574
55,85,135.912,171.01,0.3,1.2582
55,89,247.95,317.75,0.94,1.2815
55,90,230.852,297.775,0.87,1.2899
55,91,216.908,268.09,0.38,1.236
55,96,325.4,405.14,0.34,1.2451
55,97,311.662,395.665,0.35,1.2695
55,98,229.234,325.805,0.69,1.4213
55,99,263.076,365.11,0.76,1.3878
55,101,311.308,417.94,0.74,1.3425
59,60,24.874,31.225,0.03,1.2553
59,62,27.485,40.52,0.12,1.4743
59,65,56.985,72.68,0.2,1.2754
59,68,57.985,68.46,0.02,1.1807
59,69,119.697,131.825,0.15,1.1013
59,70,113.343,123.75,0.04,1.0918
59,73,127.102,148.945,4.79,1.1719
59,76,91.319,104.14,0.02,1.1404
59,78,43.71,53.43,1.2,1.2224
59,79,51.892,73.17,0.4,1.41
59,80,81.025,100.155,1.11,1.2361
59,81,58.484,82.125,1.21,1.4042
59,82,171.176,193.48,1.06,1.1303
59,84,203.678,234.885,1.13,1.1532
59,85,129.171,163.13,1.04,1.2629
59,89,241.584,309.13,0.58,1.2796
59,90,223.996,289.16,0.5,1.2909
59,91,210.184,259.47,0.02,1.2345
59,96,319.281,396.525,0.03,1.2419
59,97,305.429,387.05,0.02,1.2672
59,98,222.431,317.19,0.32,1.426
59,99,256.402,356.495,0.39,1.3904
59,101,304.517,409.32,0.38,1.3442
60,62,18.567,24.17,0.68,1.3018
60,65,37.163,46.905,0.03,1.2621
60,68,54.015,69.02,0.04,1.2778
60,69,115.25,144.78,0.54,1.2562
60,70,108.625,136.705,0.35,1.2585
60,73,123.767,161.905,5.19,1.3081
60,76,82.746,111.59,10.6,1.3486
60,78,66.97,75.53,0.04,1.1278
60,79,76.567,109.96,0.14,1.4361
60,80,104.682,122.26,0.06,1.1679
60,81,82.746,104.225,0.03,1.2596
60,82,192.911,215.58,0.1,1.1175
60,84,224.661,256.98,0.04,1.1439
60,85,146.966,185.225,0.13,1.2603
60,89,242.395,322.095,0.97,1.3288
60,90,230.104,302.12,0.9,1.313
60,91,214.632,272.435,0.41,1.2693
60,96,317.913,409.48,0.36,1.288
60,97,304.938,400.01,0.38,1.3118
60,98,239.143,330.15,0.72,1.3806
60,99,274.123,369.455,0.79,1.3478
60,101,321.136,422.28,0.76,1.315
62,65,30.711,32.85,0.2,1.0696
62,68,35.818,46.73,0.04,1.3047
62,69,97.676,114.35,0.44,1.1707
62,70,91.096,106.28,0.24,1.1667
62,73,105.946,131.47,5.08,1.2409
62,76,66.43,83.99,0.04,1.2643
62,78,60.014,71.69,0.14,1.1946
62,79,76.54,106.13,0.24,1.3866
62,80,97.117,118.42,0.04,1.2194
62,81,77.181,100.39,0.14,1.3007
62,82,181.465,211.745,0.01,1.1669
62,84,212.246,253.145,0.07,1.1927
62,85,132.429,164.53,0.14,1.2424
62,89,224.034,291.66,0.86,1.3019
62,90,211.591,271.685,0.79,1.284
62,91,196.065,242.0,0.3,1.2343
62,96,299.925,379.055,0.25,1.2638
62,97,286.789,369.575,0.27,1.2887
62,98,223.512,299.72,0.6,1.341
62,99,258.991,339.02,0.68,1.309
62,101,305.298,391.85,0.66,1.2835
65,68,38.953,43.405,0.13,1.1143
65,69,89.047,108.655,0.27,1.2202
65,70,82.512,100.585,0.07,1.219
65,73,98.46,125.5,2.24,1.2746
65,76,53.959,66.445,0.03,1.2314
65,78,89.649,103.85,0.22,1.1584
65,79,107.235,138.285,0.31,1.2896
65,80,125.825,150.575,0.11,1.1967
65,81,107.073,132.545,0.21,1.2379
65,82,205.795,245.155,0.05,1.1913
65,84,235.031,286.56,0.12,1.2192
65,85,152.599,181.415,0.03,1.1888
65,89,218.873,289.39,0.94,1.3222
65,90,213.757,269.415,0.87,1.2604
65,91,196.293,239.725,0.39,1.2213
65,96,291.13,376.78,0.34,1.2942
65,97,279.221,367.305,0.35,1.3155
65,98,240.013,297.445,0.69,1.2393
65,99,276.45,336.75,0.76,1.2181
65,101,320.711,389.575,0.75,1.2147
68,69,62.21,66.32,0.28,1.0661
68,70,55.714,58.245,0.09,1.0454
68,73,70.231,83.16,2.22,1.1841
68,76,34.21,38.825,0.05,1.1349
68,78,69.953,86.655,25.99,1.2388
68,79,95.421,139.07,9.88,1.4574
68,80,100.525,117.745,0.11,1.1713
68,81,86.847,115.52,25.64,1.3302
68,82,171.493,203.405,0.01,1.1861
68,84,199.15,244.805,0.05,1.2292
68,85,115.673,139.66,0.04,1.2074
68,89,188.393,247.05,0.96,1.3114
68,90,178.034,227.075,0.89,1.2755
68,91,161.681,197.39,0.4,1.2209
68,96,264.11,334.445,0.35,1.2663
68,97,250.986,324.965,0.37,1.2948
68,98,201.329,255.11,0.7,1.2671
68,99,237.918,294.41,0.78,1.2374
68,101,281.82,347.24,0.76,1.2321
69,70,6.649,7.32,0.18,1.1009
69,73,9.707,12.555,2.39,1.2934
69,76,35.237,37.895,0.37,1.0754
69,78,120.31,168.0,9.84,1.3964
69,79,149.26,185.135,24.85,1.2404
69,80,139.389,163.61,0.1,1.1738
69,81,134.154,162.025,0.23,1.2078
69,82,182.015,199.025,0.13,1.0935
69,84,201.662,240.425,0.07,1.1922
69,85,121.242,135.28,0.16,1.1158
69,89,129.864,192.885,1.53,1.4853
69,90,129.926,172.915,1.47,1.3309
69,91,110.71,143.23,0.98,1.2937
69,96,202.971,280.275,0.93,1.3809
69,97,190.528,270.8,0.94,1.4213
69,98,184.669,198.925,0.39,1.0772
69,99,221.652,238.225,0.45,1.0748
69,101,258.336,291.055,0.43,1.1267
70,73,15.98,18.92,0.04,1.184
70,76,28.842,31.875,0.59,1.1052
70,78,115.118,159.93,10.04,1.3893
70,79,143.867,194.36,9.94,1.351
70,80,135.407,162.79,0.06,1.2022
70,81,129.331,172.42,22.36,1.3332
70,82,181.216,202.28,0.04,1.1162
70,84,201.822,243.68,0.02,1.2074
70,85,120.441,138.535,0.07,1.1502
70,89,136.366,202.81,1.64,1.4872
70,90,135.379,182.845,1.71,1.3506
70,91,116.418,153.155,2.19,1.3156
70,96,209.619,290.205,2.25,1.3844
70,97,197.161,280.73,2.24,1.4239
70,98,186.835,207.535,0.15,1.1108
70,99,223.921,246.835,0.09,1.1023
70,101,261.479,299.66,0.1,1.146
73,76,44.81,55.915,8.91,1.2478
73,78,125.053,149.225,0.07,1.1933
73,79,154.325,184.38,0.08,1.1948
73,80,141.858,175.4,0.06,1.2364
73,81,138.144,173.81,0.08,1.2582
73,82,179.394,206.495,0.03,1.1511
73,84,197.675,247.895,0.03,1.2541
73,85,118.834,142.755,0.05,1.2013
73,89,120.413,193.465,1.01,1.6067
73,90,120.4,173.49,0.94,1.4409
73,91,101.074,143.805,0.45,1.4228
73,96,194.184,280.855,0.39,1.4463
73,97,181.501,271.375,0.41,1.4952
73,98,178.175,197.38,0.18,1.1078
73,99,214.993,236.675,0.11,1.1008
73,101,250.69,289.505,0.13,1.1548
76,78,102.449,122.335,25.99,1.1941
76,79,129.116,174.75,9.86,1.3534
76,80,129.4,153.43,0.1,1.1857
76,81,118.615,151.205,25.65,1.2748
76,82,189.207,210.85,0.0,1.1144
76,84,213.381,252.25,0.06,1.1822
76,85,129.662,147.105,0.03,1.1345
76,89,165.086,233.395,1.17,1.4138
76,90,163.239,213.42,1.1,1.3074
76,91,144.719,183.735,0.61,1.2696
76,96,237.338,320.79,0.56,1.3516
76,97,225.286,311.31,0.58,1.3818
76,98,205.7,238.05,5.9,1.1573
76,99,242.878,277.355,5.83,1.142
76,101,283.083,330.18,5.84,1.1664
78,79,29.594,37.31,0.04,1.2607
78,80,37.731,44.43,0.54,1.1775
78,81,17.538,26.74,0.04,1.5247
78,82,127.702,137.75,0.5,1.0787
78,84,160.562,179.155,0.57,1.1158
78,85,90.199,110.645,0.05,1.2267
78,89,226.712,255.05,1.1,1.125
78,90,200.698,235.075,1.03,1.1713
78,91,190.017,205.39,0.54,1.0809
78,96,306.686,342.445,0.49,1.1166
78,97,291.542,332.965,0.51,1.1421
78,98,183.437,199.36,0.68,1.0868
78,99,216.022,238.66,0.6,1.1048
78,101,265.136,291.49,0.62,1.0994
79,80,43.925,67.93,0.14,1.5465
79,81,23.856,44.885,0.11,1.8815
79,82,135.506,161.25,0.1,1.19
79,84,169.561,202.65,0.16,1.1951
79,85,109.786,145.205,0.01,1.3226
79,89,255.665,290.205,1.09,1.1351
79,90,227.863,270.23,1.02,1.1859
79,91,218.107,240.545,0.53,1.1029
79,96,335.802,377.6,0.48,1.1245
79,97,320.506,368.12,0.5,1.1486
79,98,200.642,222.855,0.27,1.1107
79,99,230.841,262.16,0.2,1.1357
79,101,281.005,314.99,0.22,1.1209
80,81,23.438,41.83,0.0,1.7847
80,82,92.699,117.245,0.03,1.2648
80,84,126.458,158.645,0.11,1.2545
80,85,68.448,101.195,0.05,1.4784
80,89,227.765,263.535,1.25,1.157
80,90,194.077,243.56,1.18,1.255
80,91,187.083,213.875,0.69,1.1432
80,96,308.168,350.93,0.64,1.1388
80,97,292.08,341.45,0.66,1.169
80,98,157.131,178.85,0.2,1.1382
80,99,186.928,218.15,0.14,1.167
80,101,237.148,270.98,0.16,1.1427
81,82,116.026,141.33,0.02,1.2181
81,84,149.647,182.735,0.05,1.2211
81,85,86.104,125.28,0.1,1.455
81,89,234.28,279.635,1.09,1.1936
81,90,204.853,259.67,1.02,1.2676
81,91,195.745,229.98,0.54,1.1749
81,96,314.629,367.03,0.48,1.1665
81,97,299.065,357.555,0.49,1.1956
81,98,177.657,202.94,0.16,1.1423
81,99,208.643,242.235,0.09,1.161
81,101,258.514,295.065,0.11,1.1414
82,84,34.182,40.44,0.16,1.1831
82,85,60.789,75.455,0.09,1.2413
82,89,215.216,303.84,1.16,1.4118
82,90,167.167,283.865,1.09,1.6981
82,91,170.673,254.18,0.6,1.4893
82,96,289.577,391.23,0.54,1.351
82,97,272.271,381.755,0.57,1.4021
82,98,82.453,111.065,0.15,1.347
82,99,102.093,133.31,0.16,1.3058
82,101,152.642,187.28,0.06,1.2269
84,85,84.012,101.415,0.03,1.2071
84,89,214.237,258.41,1.46,1.2062
84,90,163.131,202.375,0.09,1.2406
84,91,170.747,206.68,0.02,1.2104
84,96,283.7,345.805,0.85,1.2189
84,97,266.374,336.33,0.86,1.2626
84,98,61.453,71.585,0.01,1.1649
84,99,71.606,93.83,0.0,1.3104
84,101,121.112,147.8,0.1,1.2204
85,89,171.503,225.4,28.26,1.3143
85,90,130.948,205.425,28.33,1.5688
85,91,127.909,175.74,28.82,1.3739
85,96,250.414,312.79,28.86,1.2491
85,97,233.602,303.315,28.85,1.2984
85,98,93.458,99.325,0.21,1.0628
85,99,127.329,138.63,0.14,1.0888
85,101,175.449,191.455,0.17,1.0912
89,90,52.567,64.235,0.05,1.222
89,91,44.584,51.31,0.06,1.1509
89,96,80.449,91.285,0.05,1.1347
89,97,64.842,81.81,0.04,1.2617
89,98,163.303,186.83,1.46,1.1441
89,99,189.387,226.135,1.39,1.194
89,101,201.267,240.86,0.0,1.1967
90,91,20.977,34.57,0.12,1.648
90,96,122.432,154.18,0.4,1.2593
90,97,105.152,144.7,0.42,1.3761
90,98,110.754,130.795,0.09,1.181
90,99,137.427,170.095,0.17,1.2377
90,101,153.762,175.4,0.14,1.1407
91,96,122.526,144.485,0.15,1.1792
91,97,105.821,135.005,0.17,1.2758
91,98,123.057,135.095,0.01,1.0978
91,99,152.671,174.4,0.08,1.1423
91,101,172.673,211.19,0.18,1.2231
96,97,17.349,23.35,0.04,1.3459
96,98,226.774,274.22,0.86,1.2092
96,99,244.982,313.525,0.79,1.2798
96,101,241.975,330.805,0.45,1.3671
97,98,209.612,264.745,0.87,1.263
97,99,228.354,304.05,0.8,1.3315
97,101,226.792,321.325,0.47,1.4168
98,99,37.191,40.2,0.02,1.0809
98,101,82.1,93.025,0.01,1.1331
99,101,50.749,53.91,0.06,1.0623
