,0,1,2,3,4,5,6,7,8,9,10,11,12,13,14,15,16,17,18,19,20,21,22,23,24,25,26,27,28,29,30,31,32,33,34,35,36,37,38,39,40,41,42,43,44,45,46,47,48,49,50,51,52,53,54,55,56,57,58,59,60,61,62,63,64,65,66,67,68,69,70,71,72,73,74,75,76,77,78,79,80,81,82,83,84,85,86,87,88,89,90,91,92,93,94,95,96,97,98,99,100,101,102,103,104
0,0.000,62.800,167.680,280.420,430.360,22.240,21.710,13.560,7.270,13.050,23.170,24.550,11.360,19.500,20.390,5.110,8.420,10.570,13.800,21.430,12.820,20.390,30.120,23.670,20.000,30.770,27.480,16.400,15.240,19.370,42.540,78.810,79.680,127.060,88.870,114.590,52.420,60.720,59.860,62.330,58.950,110.160,62.730,123.260,68.310,87.160,161.750,186.130,140.240,175.160,184.880,141.120,165.530,162.800,146.120,147.030,144.960,110.380,130.950,152.010,184.150,203.140,188.810,199.880,172.970,221.010,230.820,254.450,216.700,280.130,271.960,275.250,283.010,299.570,312.850,323.750,252.380,254.850,201.060,134.230,177.670,175.010,285.080,261.380,326.450,310.840,313.090,385.310,425.760,457.650,437.640,407.160,496.430,585.610,552.730,565.960,544.740,535.270,465.580,504.920,466.010,557.740,581.870,524.630,552.850
1,63.490,0.000,227.260,340.000,489.940,81.820,81.290,67.450,66.720,72.630,82.760,84.130,72.630,72.040,79.970,65.380,66.340,70.160,62.200,38.820,61.220,79.970,89.700,83.260,79.580,90.360,87.060,67.930,67.780,67.550,72.650,138.390,139.260,186.640,148.460,174.170,112.010,3.580,23.080,39.640,38.530,74.850,122.310,104.080,120.850,139.700,155.440,130.860,133.930,202.920,237.420,200.710,225.120,222.380,205.700,206.620,204.540,169.960,190.530,211.600,243.730,262.730,248.390,259.460,232.550,280.590,290.400,314.040,276.280,339.710,331.540,334.840,342.590,359.150,372.430,383.330,311.970,314.440,260.640,193.810,237.260,234.590,344.660,320.960,386.030,370.420,372.670,444.890,485.340,517.230,497.230,466.740,556.010,645.190,612.310,625.540,604.320,594.850,525.170,564.500,525.600,617.320,641.450,584.210,612.440
2,168.940,229.100,0.000,132.270,282.220,173.250,172.720,163.340,162.980,157.940,165.650,175.560,160.520,166.420,152.730,165.460,175.590,169.150,167.850,195.510,179.120,152.130,141.750,155.640,154.420,143.510,149.570,167.720,165.840,170.690,195.810,115.480,102.800,176.780,138.600,164.320,120.740,227.010,226.160,227.460,225.250,275.290,113.130,270.480,215.520,234.380,308.960,333.340,287.450,235.640,218.650,162.480,7.960,12.800,21.880,15.360,19.050,63.350,38.640,17.170,20.060,39.730,25.780,35.800,8.880,57.570,58.990,84.910,63.510,131.980,123.810,127.110,134.860,151.430,164.700,175.600,104.240,106.710,61.480,95.860,108.250,90.170,201.600,170.850,242.970,171.260,173.510,237.160,277.620,309.510,289.500,259.010,348.280,437.470,404.580,417.810,396.590,387.130,317.440,356.780,317.870,409.590,433.730,376.490,404.710
3,280.050,340.200,138.290,0.000,167.320,284.350,283.830,274.440,274.090,269.050,276.750,286.670,271.630,277.520,263.840,276.560,286.700,280.260,278.960,306.610,290.220,263.230,252.850,266.740,265.530,254.610,260.680,278.830,276.950,281.800,306.920,226.580,213.900,287.890,249.710,275.420,231.850,338.120,337.270,338.570,336.360,386.390,224.240,381.580,326.630,345.480,420.070,444.450,398.560,290.020,260.960,231.520,136.150,120.970,141.750,140.760,138.340,174.450,149.750,132.330,145.090,122.800,114.720,124.730,133.580,109.100,96.750,66.380,66.760,1.690,6.890,4.130,8.070,15.060,36.510,45.590,36.200,51.780,173.500,173.660,164.610,163.090,200.050,169.300,241.420,136.320,99.140,119.800,162.720,194.610,174.610,144.120,233.390,322.570,289.690,302.920,281.700,272.230,200.080,239.410,200.510,292.230,316.360,261.590,289.820
4,429.190,489.350,287.440,166.300,0.000,433.500,432.980,423.590,423.230,418.190,425.900,435.810,420.770,426.670,412.980,425.710,435.840,429.410,428.100,455.760,439.370,412.380,402.000,415.890,414.670,403.760,409.830,427.970,426.100,430.950,456.060,375.730,363.050,437.040,398.850,424.570,380.990,487.270,486.410,487.710,485.500,535.540,373.380,530.730,475.780,494.630,390.190,593.590,547.710,368.770,336.800,302.450,285.300,270.110,290.900,289.900,287.490,323.600,298.890,281.470,294.240,271.940,263.860,273.880,282.720,261.540,249.190,235.630,219.200,164.750,176.260,179.560,161.190,165.590,104.390,207.040,205.440,202.010,227.130,262.290,235.540,251.720,275.890,245.140,230.310,212.160,142.370,134.660,2.550,33.890,36.890,14.750,80.800,169.980,137.100,150.330,129.110,119.640,158.730,198.060,154.590,213.490,237.620,123.880,139.580
5,21.210,81.360,171.600,284.340,434.280,0.000,4.480,19.880,15.520,17.180,10.030,3.360,16.930,27.010,24.310,17.720,18.070,9.600,22.710,32.070,31.380,24.310,27.150,18.570,23.920,31.750,24.050,25.040,21.400,28.010,51.180,82.730,83.600,108.380,84.990,95.710,47.980,79.280,78.430,80.890,77.510,128.720,66.650,131.070,76.110,94.970,169.550,193.930,148.040,182.970,192.690,145.040,169.460,166.720,150.040,150.960,148.880,114.300,134.870,155.940,188.070,207.070,192.730,203.800,176.890,224.930,234.740,258.380,220.620,284.050,275.880,279.180,286.930,303.490,316.770,327.670,256.310,258.780,204.980,138.150,181.590,178.930,289.000,265.300,330.370,314.760,317.010,389.230,429.680,461.570,441.570,411.080,500.350,589.530,556.650,569.880,548.660,539.190,469.510,508.840,469.940,561.660,585.790,528.550,556.780
6,21.080,81.240,169.610,282.350,432.290,4.890,0.000,19.750,15.390,17.050,5.250,4.210,16.800,26.880,24.180,17.590,19.030,9.430,22.590,34.180,31.260,21.250,25.510,16.920,20.300,30.100,22.400,24.910,21.270,27.880,51.060,80.740,81.610,106.740,83.350,94.060,46.330,79.150,78.300,80.770,77.390,128.590,66.530,130.940,75.990,94.840,169.430,193.810,147.920,182.840,192.560,144.920,167.460,164.730,148.050,148.960,146.890,112.310,132.880,153.940,186.080,205.070,190.740,201.810,174.900,222.940,232.750,256.380,218.630,282.060,273.890,277.190,284.940,301.500,314.780,325.680,254.320,256.780,202.990,138.020,181.470,178.810,288.880,265.180,330.240,312.770,315.020,387.240,427.690,459.580,439.570,409.090,498.360,587.540,554.660,567.890,546.670,537.200,467.510,506.850,467.950,559.670,583.800,526.560,554.780
7,13.120,68.320,160.660,273.400,423.350,23.980,23.450,0.000,7.980,5.520,17.370,26.290,4.560,7.160,10.690,10.380,19.770,15.240,5.810,33.770,17.380,12.630,24.900,17.290,12.250,23.760,22.260,4.920,2.470,8.050,31.220,71.800,72.660,120.040,81.860,107.580,45.410,66.230,65.380,62.880,64.470,110.700,53.510,111.260,56.310,75.160,149.750,174.130,128.240,163.160,172.880,131.900,158.520,155.780,139.110,140.020,137.940,103.360,123.940,145.000,177.130,196.130,181.800,192.870,165.950,213.990,223.800,247.440,209.680,273.110,264.940,268.240,275.990,292.560,305.830,316.730,245.370,247.840,194.040,125.010,168.450,165.790,275.860,252.160,317.230,303.820,306.080,378.290,418.750,450.640,430.630,400.140,489.410,578.600,545.710,558.940,537.720,528.260,458.570,497.910,459.000,550.720,574.860,517.620,545.840
8,7.030,67.040,160.390,273.140,423.080,18.110,17.580,7.120,0.000,5.160,16.380,20.420,4.170,13.800,13.110,4.290,13.680,8.870,8.370,33.450,17.060,13.110,22.830,16.390,12.720,23.490,20.200,10.700,9.530,13.670,36.840,71.530,72.390,119.780,81.590,107.310,45.140,64.950,64.100,66.570,63.190,114.390,55.450,117.560,62.610,81.460,156.040,180.420,134.540,169.460,179.180,133.840,158.250,155.520,138.840,139.750,137.670,103.100,123.670,144.730,176.860,195.860,181.530,192.600,165.690,213.730,223.540,247.170,209.410,272.850,264.670,267.970,275.730,292.290,305.570,316.470,245.100,247.570,193.770,126.940,170.390,167.730,277.800,254.100,319.170,303.560,305.810,378.020,418.480,450.370,430.360,399.880,489.150,578.330,545.450,558.680,537.460,527.990,458.300,497.640,458.730,550.460,574.590,517.350,545.570
9,12.310,72.460,155.760,268.500,418.440,16.610,16.090,6.350,4.790,0.000,11.850,18.930,3.400,11.530,6.280,8.820,18.960,12.520,10.030,38.870,22.480,8.470,18.200,11.750,8.080,18.860,15.560,10.680,8.220,13.800,36.980,66.890,67.760,115.140,76.950,102.670,40.500,70.380,69.530,71.990,68.610,119.820,50.810,115.590,60.640,79.490,154.080,178.460,132.570,167.490,177.210,129.200,153.610,150.880,134.200,135.110,133.040,98.460,119.030,140.090,172.230,191.220,176.890,187.960,161.050,209.090,218.900,242.530,204.780,268.210,260.040,263.340,271.090,287.650,300.930,311.830,240.460,242.930,189.140,122.310,165.750,163.090,273.160,249.460,314.530,298.920,301.170,373.390,413.840,445.730,425.720,395.240,484.510,573.690,540.810,554.040,532.820,523.350,453.660,493.000,454.090,545.820,569.950,512.710,540.930
10,22.760,82.920,163.580,276.320,426.260,8.430,5.250,17.880,17.080,12.350,0.000,7.590,14.930,23.060,17.860,19.280,24.540,12.770,21.560,37.550,32.940,15.220,19.480,10.890,14.270,24.070,16.370,22.210,19.760,25.340,48.510,74.710,75.580,100.710,77.320,88.030,40.300,80.840,79.980,82.450,79.070,130.280,62.050,127.120,72.170,91.020,165.610,189.990,144.100,179.020,188.740,140.450,161.430,158.700,142.020,142.930,140.860,106.280,126.850,147.910,180.050,199.040,184.710,195.780,168.870,216.910,226.720,250.350,212.600,276.030,267.860,271.160,278.910,295.470,308.750,319.650,248.290,250.750,196.960,133.550,177.000,174.330,284.400,260.700,325.770,306.740,308.990,381.210,421.660,453.550,433.540,403.060,492.330,581.510,548.630,561.860,540.640,531.170,461.480,500.820,461.920,553.640,577.770,520.530,548.750
11,23.550,83.710,170.050,282.790,432.730,2.780,4.020,22.230,17.870,19.520,7.310,0.000,19.280,29.360,26.660,20.070,20.000,11.910,25.060,34.010,33.730,21.690,25.950,17.360,20.740,30.540,22.840,27.380,23.750,30.360,53.530,81.180,82.050,107.180,83.790,94.510,46.770,81.630,80.770,83.240,79.860,131.070,69.000,133.410,78.460,97.320,171.900,196.280,150.390,185.310,195.040,147.390,167.910,165.170,148.490,149.410,147.330,112.750,133.320,154.390,186.520,205.520,191.180,202.250,175.340,223.380,233.190,256.820,219.070,282.500,274.330,277.630,285.380,301.940,315.220,326.120,254.760,257.230,203.430,140.500,183.940,181.280,291.350,267.650,332.720,313.210,315.460,387.680,428.130,460.020,440.020,409.530,498.800,587.980,555.100,568.330,547.110,537.640,467.960,507.290,468.390,560.110,584.240,527.000,555.220
12,10.700,70.700,161.100,273.840,423.780,17.040,16.510,4.440,3.720,3.500,15.190,19.350,0.000,11.570,11.130,7.950,17.350,14.980,6.700,34.850,18.460,12.110,21.840,15.400,11.730,24.200,19.210,8.420,5.960,11.700,34.870,72.230,73.100,120.480,82.300,108.020,45.850,68.620,67.760,66.530,66.850,114.350,53.950,115.630,60.680,79.530,154.120,178.500,132.610,167.530,177.250,132.340,158.960,156.220,139.540,140.460,138.380,103.800,124.370,145.440,177.570,196.570,182.240,193.310,166.390,214.430,224.240,247.880,210.120,273.550,265.380,268.680,276.430,292.990,306.270,317.170,245.810,248.280,194.480,125.450,168.890,166.230,276.300,252.600,317.670,304.260,306.510,378.730,419.190,451.070,431.070,400.580,489.850,579.030,546.150,559.380,538.160,528.690,459.010,498.350,459.440,551.160,575.290,518.050,546.280
13,16.120,72.670,158.680,271.420,421.360,21.420,20.900,4.200,8.250,5.300,17.150,23.730,5.420,0.000,8.710,13.380,22.780,18.250,9.970,38.120,21.730,11.220,22.920,14.940,10.830,21.780,20.280,8.820,6.940,11.560,34.740,69.820,70.680,118.060,79.880,105.600,43.430,70.580,69.730,66.390,68.820,114.210,51.530,111.570,56.620,75.480,150.060,174.440,128.550,163.470,173.200,129.920,156.540,153.800,137.130,138.040,135.960,101.380,121.960,143.020,175.150,194.150,179.820,190.890,163.970,212.010,221.820,245.460,207.700,271.130,262.960,266.260,274.010,290.580,303.850,314.750,243.390,245.860,192.060,123.030,166.470,163.810,273.880,250.180,315.250,301.840,304.100,376.310,416.770,448.660,428.650,398.160,487.430,576.610,543.730,556.960,535.740,526.280,456.590,495.930,457.020,548.740,572.870,515.640,543.860
14,17.540,77.690,152.050,264.790,414.740,21.840,21.320,11.590,11.570,6.530,17.080,24.160,11.570,14.670,0.000,14.050,24.190,17.750,16.110,44.100,27.710,4.160,14.330,8.320,4.210,13.330,11.690,15.980,14.100,18.950,44.060,63.190,64.050,111.430,73.250,98.970,36.800,75.610,74.760,75.720,73.840,123.540,46.950,118.730,63.780,82.630,157.220,181.590,135.710,170.630,180.350,125.340,149.910,147.170,130.500,131.410,129.330,94.750,115.330,136.390,168.520,187.520,173.190,184.260,157.340,205.380,215.190,238.830,201.070,264.500,256.330,259.630,267.380,283.950,297.220,308.120,236.760,239.230,185.430,118.450,161.890,159.230,269.300,245.600,310.670,295.210,297.470,369.680,410.140,442.030,422.020,391.530,480.800,569.990,537.100,550.330,529.110,519.650,449.960,489.300,450.390,542.110,566.250,509.010,537.230
15,4.830,64.840,163.820,276.570,426.510,18.380,17.860,10.570,4.270,9.200,19.320,20.700,8.360,16.500,16.540,0.000,11.480,6.730,9.420,31.250,14.860,16.540,26.260,19.820,16.150,26.920,23.630,13.400,12.240,16.370,39.550,74.960,75.830,123.210,85.020,110.740,48.570,62.760,61.900,64.370,60.990,112.200,58.880,120.260,65.310,84.170,158.750,183.130,137.240,172.160,181.890,137.270,161.680,158.950,142.270,143.180,141.100,106.530,127.100,148.160,180.290,199.290,184.960,196.030,169.120,217.160,226.970,250.600,212.850,276.280,268.100,271.400,279.160,295.720,309.000,319.900,248.530,251.000,197.200,130.380,173.820,171.160,281.230,257.530,322.600,306.990,309.240,381.450,421.910,453.800,433.790,403.310,492.580,581.760,548.880,562.110,540.890,531.420,461.730,501.070,462.160,553.890,578.020,520.780,549.000
16,8.320,66.410,174.140,286.880,436.820,18.170,18.950,20.030,13.730,19.510,24.490,20.330,17.820,25.960,26.850,11.570,0.000,13.700,17.070,16.840,14.310,26.850,36.580,30.140,26.470,37.240,33.940,22.860,21.700,22.430,45.220,85.270,86.140,133.520,95.340,121.060,58.890,64.320,63.470,63.310,38.710,111.130,69.200,129.720,74.770,93.630,168.210,167.150,146.700,181.620,191.350,147.590,172.000,169.260,152.580,153.500,151.420,116.840,137.410,158.480,190.610,209.610,195.280,206.350,179.430,227.470,237.280,260.920,223.160,286.590,278.420,281.720,289.470,306.030,319.310,330.210,258.850,261.320,207.520,140.690,184.140,181.470,291.540,267.850,332.910,317.300,319.550,391.770,432.230,464.110,444.110,413.620,502.890,592.070,559.190,572.420,551.200,541.730,472.050,511.390,472.480,564.200,588.330,531.100,559.320
17,11.080,71.240,168.480,281.220,431.170,9.600,9.080,16.760,10.410,14.060,12.070,11.910,13.810,23.890,21.190,7.920,14.610,0.000,17.220,27.620,21.260,21.190,30.920,20.600,20.810,31.580,28.290,19.550,18.290,22.520,45.690,79.620,80.480,127.860,89.680,115.400,53.230,69.150,68.300,70.770,67.390,118.590,63.540,127.950,73.000,91.850,166.440,190.820,144.930,179.850,189.570,141.930,166.340,163.610,146.930,147.840,145.760,111.190,131.760,152.820,184.950,203.950,189.620,200.690,173.780,221.810,231.630,255.260,217.500,280.940,272.760,276.060,283.820,300.380,313.660,324.560,253.190,255.660,201.860,135.030,178.480,175.820,285.890,262.190,327.250,311.650,313.900,386.110,426.570,458.460,438.450,407.960,497.240,586.420,553.540,566.770,545.550,536.080,466.390,505.730,466.820,558.550,582.680,525.440,553.660
18,11.960,63.080,165.330,278.070,428.010,25.690,25.160,5.710,9.690,9.330,21.180,28.000,7.290,10.300,15.360,9.260,17.120,16.950,0.000,28.530,12.140,16.440,26.170,23.380,16.060,28.430,23.530,6.190,6.040,8.310,31.490,76.460,77.330,124.710,86.530,112.250,50.080,61.000,60.140,61.650,59.230,109.480,58.180,114.060,59.110,77.970,152.550,176.930,131.040,165.960,175.690,136.570,163.190,160.450,143.770,144.690,142.610,108.030,128.600,149.670,181.800,200.800,186.470,197.540,170.620,218.660,228.470,252.110,214.350,277.780,269.610,272.910,280.660,297.220,310.500,321.400,250.040,252.510,198.710,129.680,173.120,170.460,280.530,256.830,321.900,308.490,310.740,382.960,423.420,455.300,435.300,404.810,494.080,583.260,550.380,563.610,542.390,532.920,463.240,502.580,463.670,555.390,579.520,522.280,550.510
19,21.310,39.300,193.780,306.520,456.470,35.070,35.870,33.780,33.240,39.150,37.340,38.710,34.550,38.370,46.490,31.900,16.920,26.690,28.530,0.000,23.520,46.490,56.220,49.780,46.110,56.880,53.580,34.250,34.100,33.880,41.340,104.920,105.780,153.160,114.980,140.700,78.530,37.220,40.470,49.080,21.920,96.910,88.840,142.130,87.180,106.030,180.610,152.920,159.110,194.030,203.750,167.230,191.640,188.900,172.230,173.140,171.060,136.480,157.060,178.120,210.250,229.250,214.920,225.990,199.070,247.110,256.920,280.560,242.800,306.230,298.060,301.360,309.110,325.680,338.950,349.850,278.490,280.960,227.160,160.330,203.780,201.120,311.190,287.490,352.550,336.940,339.200,411.410,451.870,483.760,463.750,433.260,522.530,611.720,578.830,592.060,570.840,561.380,491.690,531.030,492.120,583.840,607.980,550.740,578.960
20,13.590,62.210,177.360,290.100,440.040,31.920,31.390,17.350,16.820,22.730,32.860,34.230,18.130,21.940,30.070,15.480,14.330,20.260,12.110,23.490,0.000,30.070,39.800,33.360,29.680,40.460,37.160,17.830,17.680,17.460,31.400,88.490,89.360,136.740,98.560,124.270,62.110,60.130,59.270,56.610,44.420,104.430,72.410,126.180,71.230,90.090,164.670,160.450,143.160,178.080,187.800,150.810,175.220,172.480,155.800,156.720,154.640,120.060,140.630,161.700,193.830,212.830,198.500,209.560,182.650,230.690,240.500,264.140,226.380,289.810,281.640,284.940,292.690,309.250,322.530,333.430,262.070,264.540,210.740,143.910,187.360,184.690,294.760,271.060,336.130,320.520,322.770,394.990,435.440,467.330,447.330,416.840,506.110,595.290,562.410,575.640,554.420,544.950,475.270,514.610,475.700,567.420,591.550,534.310,562.540
21,20.080,80.230,150.960,263.700,413.640,24.380,21.020,12.040,14.110,8.670,15.100,21.840,11.970,16.530,3.680,16.590,26.730,20.290,16.510,46.640,30.250,0.000,11.100,5.090,2.060,10.640,8.460,16.270,13.820,19.400,42.570,62.100,62.960,110.340,72.160,79.650,35.710,78.150,77.290,74.220,76.380,122.050,46.340,120.590,65.640,84.490,159.080,183.460,137.570,172.490,186.900,124.730,148.820,146.080,129.410,130.320,128.240,93.660,114.240,135.300,167.430,186.430,172.100,183.170,156.250,204.290,214.100,237.740,199.980,263.410,255.240,258.540,266.290,282.860,296.130,307.030,235.670,238.140,184.340,117.840,161.280,158.620,268.690,244.990,310.060,294.120,296.380,368.590,409.050,440.940,420.930,390.440,479.710,568.900,536.010,549.240,528.020,518.560,448.870,488.210,449.300,541.020,565.150,507.920,536.140
22,29.650,89.810,140.730,253.470,403.410,27.420,25.460,21.610,23.690,18.250,19.540,26.280,21.550,29.700,16.010,26.170,36.300,29.870,26.090,56.220,39.830,11.340,0.000,8.550,11.200,11.230,4.100,31.010,29.130,28.970,52.150,49.900,52.730,81.820,58.430,69.150,21.410,87.730,86.870,83.800,85.960,131.620,50.390,133.760,78.810,97.660,172.250,196.630,150.740,185.660,193.070,130.900,138.590,135.850,119.180,120.090,118.010,83.430,104.010,125.070,157.200,176.200,161.870,172.940,146.020,194.060,203.870,227.510,189.750,253.180,245.010,248.310,256.060,272.630,285.900,296.800,225.440,227.910,174.110,124.000,167.450,202.810,274.850,251.150,316.220,283.890,286.150,358.360,398.820,430.710,410.700,380.210,469.480,558.670,525.780,539.010,517.790,508.330,438.640,477.980,439.070,530.790,554.930,497.690,525.910
23,23.310,83.470,153.790,266.530,416.480,18.870,16.910,15.710,17.350,12.310,10.990,17.730,14.890,20.800,8.330,19.830,29.960,23.530,20.190,49.880,33.490,5.440,8.590,0.000,4.490,14.290,5.480,19.950,17.490,23.070,46.250,57.900,65.790,89.820,66.430,77.140,29.410,81.390,80.530,83.000,79.620,130.830,50.110,124.860,69.910,88.760,163.340,187.720,141.840,176.760,190.670,128.500,151.650,148.910,132.240,133.150,131.070,96.500,117.070,138.130,170.260,189.260,174.930,186.000,159.090,207.120,216.940,240.570,202.810,266.240,258.070,261.370,269.130,285.690,298.970,309.870,238.500,240.970,187.170,121.600,165.050,162.390,272.460,248.760,313.820,296.950,299.210,371.420,411.880,443.770,423.760,393.270,482.550,571.730,538.850,552.070,530.860,521.390,451.700,491.040,452.130,543.850,567.990,510.750,538.970
24,19.600,79.760,152.470,265.210,415.150,22.530,20.570,11.560,13.640,8.200,14.650,21.390,11.500,16.650,4.180,16.120,26.250,19.820,16.040,46.170,29.780,2.270,11.340,5.330,0.000,12.970,8.700,15.800,13.340,18.920,42.100,63.610,64.470,92.570,73.670,79.890,32.160,77.680,76.820,73.750,75.910,121.570,48.480,120.710,65.760,84.610,159.190,183.570,137.690,172.610,189.040,126.870,150.330,147.590,130.920,131.830,129.750,95.170,115.750,136.810,168.940,187.940,173.610,184.680,157.760,205.800,215.610,239.250,201.490,264.920,256.750,260.050,267.800,284.370,297.640,308.540,237.180,239.650,185.850,119.970,163.420,160.750,270.820,247.130,312.190,295.630,297.890,370.100,410.560,442.450,422.440,391.950,481.220,570.410,537.520,550.750,529.530,520.070,450.380,489.720,450.810,542.530,566.660,509.430,537.650
25,30.990,91.150,141.630,254.370,404.310,35.300,30.030,25.390,25.030,19.990,24.110,30.850,22.570,28.470,14.780,27.510,37.640,31.210,25.980,57.560,41.170,10.580,11.150,14.100,12.880,0.000,10.020,29.770,27.900,32.750,57.860,52.760,53.630,101.010,62.820,88.540,26.380,89.070,88.210,89.510,87.300,137.340,43.820,132.530,77.580,96.430,171.010,195.390,149.510,184.430,189.970,127.800,139.490,136.750,120.070,120.990,118.910,84.330,104.900,125.970,158.100,177.100,162.760,173.830,146.920,194.960,204.770,228.400,190.650,254.080,245.910,249.210,256.960,273.520,286.800,297.700,226.340,228.810,175.010,120.910,164.350,203.700,271.760,248.060,313.130,284.790,287.040,359.260,399.710,431.600,411.600,381.110,470.380,559.560,526.680,539.910,518.690,509.220,439.540,478.870,439.970,531.690,555.820,498.580,526.810
26,27.080,87.240,145.990,258.730,408.670,24.420,22.450,19.040,21.120,15.680,16.530,23.280,18.980,26.190,12.500,23.600,33.730,27.290,23.520,53.650,37.260,8.770,4.220,5.540,8.630,10.430,0.000,27.490,25.620,26.400,49.580,53.530,57.990,85.450,62.060,72.780,25.040,85.150,84.300,81.230,83.390,129.050,49.590,130.250,75.300,94.150,168.730,193.110,147.230,182.150,193.530,131.360,143.840,141.110,124.430,125.340,123.270,88.690,109.260,130.320,162.460,181.450,167.120,178.190,151.280,199.320,209.130,232.760,195.010,258.440,250.270,253.570,261.320,277.880,291.160,302.060,230.690,233.160,179.370,124.460,167.910,208.060,275.320,251.620,316.680,289.150,291.400,363.620,404.070,435.960,415.950,385.470,474.740,563.920,531.040,544.270,523.050,513.580,443.890,483.230,444.320,536.050,560.180,502.940,531.160
27,17.280,68.730,165.530,278.270,428.210,28.140,27.610,5.200,12.140,10.040,21.880,30.450,8.620,6.850,15.560,14.540,23.930,19.400,6.220,34.180,17.790,18.060,29.770,21.810,17.680,28.630,27.130,0.000,4.030,4.840,28.020,76.660,77.530,124.910,86.730,112.440,50.280,66.640,65.790,59.670,64.880,107.490,57.470,109.500,54.550,73.410,147.990,172.370,126.480,161.400,171.130,130.580,163.390,160.650,143.970,144.890,142.810,108.230,128.800,149.870,182.000,201.000,186.660,197.730,170.820,218.860,228.670,252.310,214.550,277.980,269.810,273.110,280.860,297.420,310.700,321.600,250.240,252.710,198.910,123.690,167.130,164.470,274.540,250.840,315.910,308.690,310.940,383.160,423.610,455.500,435.500,405.010,494.280,583.460,550.580,563.810,542.590,533.120,463.440,502.770,463.870,555.590,579.720,522.480,550.710
28,14.190,67.700,162.790,275.540,425.480,25.050,24.520,2.960,9.050,7.800,19.650,27.360,6.650,6.490,12.830,11.440,20.840,16.310,5.190,33.150,16.760,14.210,27.030,22.730,13.820,25.890,24.400,3.910,0.000,7.220,30.400,73.930,74.790,122.180,83.990,109.710,47.540,65.620,64.760,62.050,63.850,109.870,55.660,110.240,55.290,74.150,148.730,173.110,127.220,162.140,171.860,128.770,160.650,157.920,141.240,142.150,140.070,105.500,126.070,147.130,179.260,198.260,183.930,195.000,168.090,216.120,225.940,249.570,211.810,275.250,267.070,270.370,278.130,294.690,307.970,318.870,247.500,249.970,196.170,121.870,165.320,162.650,272.720,249.030,314.090,305.960,308.210,380.420,420.880,452.770,432.760,402.280,491.550,580.730,547.850,561.080,539.860,530.390,460.700,500.040,461.130,552.860,576.990,519.750,547.970
29,19.950,68.390,167.890,280.630,430.570,30.810,30.280,8.050,14.810,12.890,24.740,33.120,11.470,12.270,17.920,17.210,22.430,22.070,8.480,33.840,17.450,19.300,32.130,24.670,18.910,30.990,29.490,4.830,8.010,0.000,24.750,79.020,79.890,127.270,89.090,114.800,52.640,66.310,65.450,56.410,64.540,104.230,61.440,110.840,55.890,74.740,149.330,173.700,127.820,162.740,172.460,129.040,165.750,163.010,146.330,147.250,145.170,110.590,131.160,152.230,184.360,203.360,189.020,200.090,173.180,221.220,231.030,254.670,216.910,280.340,272.170,275.470,283.220,299.780,313.060,323.960,252.600,255.070,201.270,122.140,165.590,162.920,272.990,249.290,311.040,311.050,313.300,385.520,425.970,457.860,437.860,407.370,496.640,585.820,552.940,566.170,544.950,535.480,465.800,505.130,466.230,557.950,582.080,524.840,553.070
30,43.120,73.360,193.670,306.410,456.350,53.980,53.460,31.230,37.980,36.070,47.910,56.290,34.650,34.990,43.700,40.380,44.840,45.240,30.210,41.340,31.450,42.470,57.910,47.840,42.090,56.770,55.270,28.000,33.290,24.740,0.000,104.800,105.670,153.050,114.870,140.580,78.420,71.280,47.970,34.010,59.680,81.840,61.350,84.190,34.880,53.250,122.670,137.850,101.170,141.250,150.970,126.080,191.530,188.790,172.110,173.030,170.950,136.370,156.940,178.010,210.140,229.140,214.810,225.880,198.960,247.000,256.810,280.450,242.690,306.120,297.950,301.250,309.000,325.560,338.840,349.740,278.380,280.850,152.420,119.180,162.630,159.970,270.040,246.340,289.550,260.330,263.160,314.760,451.750,483.640,463.640,433.150,522.420,611.600,578.720,591.950,570.730,561.260,337.860,377.200,338.290,430.010,454.140,550.620,578.850
31,78.290,138.440,118.400,231.140,381.080,82.590,82.070,72.680,72.320,67.290,74.990,84.910,69.860,75.760,62.070,74.800,84.940,78.500,77.200,104.850,88.460,61.470,49.850,64.980,63.770,52.850,53.350,77.070,75.190,80.040,105.160,0.000,17.660,58.280,20.090,45.810,28.840,136.360,135.510,136.810,134.600,184.630,64.910,179.820,124.870,143.720,218.310,242.690,196.800,231.720,243.100,180.930,116.260,113.520,96.850,97.760,95.680,61.100,81.680,102.740,134.870,153.870,139.540,150.610,123.690,171.730,181.540,205.180,167.420,230.850,222.680,225.980,233.730,250.300,263.570,274.470,203.110,205.580,151.780,109.460,198.560,180.470,291.900,261.150,333.270,261.560,263.820,336.030,376.490,408.380,388.370,357.880,447.150,536.340,503.450,516.680,495.460,486.000,416.310,455.650,416.740,508.460,532.600,475.360,503.580
32,76.240,136.400,101.740,214.480,364.420,80.550,80.020,70.630,70.280,65.240,72.940,82.860,67.820,73.720,60.030,72.750,82.890,76.450,75.150,102.810,86.420,59.420,49.050,62.940,61.720,50.810,56.870,75.020,73.140,77.990,103.110,13.520,0.000,74.830,36.640,62.360,28.040,134.310,133.460,134.760,132.550,182.580,48.250,177.770,122.820,141.680,216.260,240.640,194.750,229.670,200.580,138.410,99.600,96.860,80.190,81.100,79.020,44.440,65.020,86.080,118.210,137.210,122.880,133.950,107.030,155.070,164.880,188.520,150.760,214.190,206.020,209.320,217.070,233.640,246.910,257.810,186.450,188.920,135.120,92.800,181.900,163.810,275.240,244.490,316.610,244.900,247.160,319.370,359.830,391.720,371.710,341.220,430.490,519.680,486.790,500.020,478.800,469.340,399.650,438.990,400.080,491.800,515.930,458.700,486.920
33,135.120,195.280,175.240,287.980,437.920,139.430,138.910,129.520,129.160,124.120,101.450,141.740,126.700,132.600,118.910,131.640,141.780,135.340,134.040,161.690,145.300,118.310,82.500,90.460,120.600,109.690,86.010,133.910,132.030,136.880,161.990,58.370,74.490,0.000,39.000,12.800,74.860,193.200,192.340,193.650,191.430,241.470,121.750,236.660,181.710,200.560,275.150,299.520,253.640,288.560,299.940,237.770,173.100,170.360,153.680,154.600,152.520,117.940,138.510,159.580,191.710,210.710,196.380,207.450,180.530,228.570,238.380,262.020,224.260,287.690,279.520,282.820,290.570,307.130,320.410,331.310,259.950,262.420,208.620,166.290,255.400,237.310,348.740,317.990,390.110,318.400,320.650,392.870,433.320,465.210,445.210,414.720,503.990,593.170,560.290,573.520,552.300,542.830,473.150,512.490,473.580,565.300,589.430,532.190,560.420
34,96.890,157.040,137.000,249.740,399.680,101.190,100.670,91.280,90.920,85.880,93.590,103.510,88.460,94.360,80.670,93.400,103.540,97.100,95.800,123.450,107.060,80.070,58.350,66.310,82.370,71.450,61.860,95.670,93.790,98.640,123.750,20.130,36.260,38.960,0.000,26.500,36.630,154.960,154.110,155.410,153.190,203.230,83.510,198.420,143.470,162.320,236.910,261.290,215.400,250.320,261.700,199.530,134.860,132.120,115.450,116.360,114.280,79.700,100.280,121.340,153.470,172.470,158.140,169.210,142.290,190.330,200.140,223.780,186.020,249.450,241.280,244.580,252.330,268.900,282.170,293.070,221.710,224.180,170.380,128.060,217.160,199.070,310.500,279.750,351.870,280.160,282.420,354.630,395.090,426.980,406.970,376.480,465.750,554.940,522.050,535.280,514.060,504.600,434.910,474.250,435.340,527.060,551.190,493.960,522.180
35,122.630,182.790,162.750,275.490,425.430,126.940,94.110,117.030,116.670,111.630,88.180,94.930,114.210,120.110,106.420,119.150,129.280,122.840,121.540,149.200,132.810,105.820,69.230,77.190,108.110,97.200,72.740,121.410,119.530,124.380,149.500,45.870,62.000,12.820,26.500,0.000,62.370,180.710,179.850,181.150,178.940,228.980,109.250,224.170,169.210,188.070,262.650,287.030,241.140,276.060,287.450,225.280,160.600,157.870,141.190,142.100,140.020,105.450,126.020,147.080,179.220,198.210,183.880,194.950,168.040,216.080,225.890,249.520,211.770,275.200,267.030,270.320,278.080,294.640,307.920,318.820,247.450,249.920,196.130,153.800,242.900,224.820,336.250,305.490,377.610,305.910,308.160,380.380,420.830,452.720,432.710,402.230,491.500,580.680,547.800,561.030,539.810,530.340,460.650,499.990,461.080,552.810,576.940,519.700,547.920
36,51.920,112.070,119.760,232.500,382.440,56.220,46.270,46.310,45.950,40.910,40.350,47.090,43.490,49.390,35.700,48.430,58.570,52.130,50.830,78.480,62.090,35.100,21.400,29.360,37.400,26.480,24.900,50.700,48.820,53.670,78.780,28.920,31.760,74.860,36.670,62.390,0.000,109.990,109.140,110.440,108.220,158.260,66.490,153.450,98.500,117.350,191.940,216.320,170.430,205.350,216.730,154.560,117.610,114.880,98.200,99.110,97.040,62.460,83.030,104.090,136.230,155.220,140.890,151.960,125.050,173.090,182.900,206.530,168.780,232.210,224.040,227.340,235.090,251.650,264.930,275.830,204.460,206.930,153.140,110.810,199.910,181.830,293.260,262.510,334.630,262.920,265.170,337.390,377.840,409.730,389.720,359.240,448.510,537.690,504.810,518.040,496.820,487.350,417.660,457.000,418.090,509.820,533.950,476.710,504.930
37,61.730,3.040,225.500,338.240,488.180,80.060,79.530,65.690,64.960,70.870,81.000,82.370,70.870,70.280,78.210,63.610,64.580,68.400,60.440,37.060,59.450,78.210,87.940,81.490,77.820,88.600,85.300,66.170,66.010,65.790,70.890,136.630,137.500,184.880,146.690,172.410,110.240,0.000,23.970,40.530,36.770,75.740,120.550,104.970,119.090,137.940,156.330,131.750,134.820,225.940,235.660,198.940,223.350,220.620,203.940,204.850,202.780,168.200,188.770,209.830,241.970,260.960,246.630,257.700,230.790,278.830,288.640,312.270,274.520,337.950,329.780,333.080,340.830,357.390,370.670,381.570,310.200,312.670,258.880,192.050,235.490,232.830,342.900,319.200,384.270,368.660,370.910,443.130,483.580,515.470,495.460,464.980,554.250,643.430,610.550,623.780,602.560,593.090,523.400,562.740,523.830,615.560,639.690,582.450,610.670
38,60.370,23.010,224.130,336.870,486.810,78.690,78.170,64.320,63.590,69.500,79.630,81.000,69.510,68.910,76.840,62.250,63.220,67.030,59.070,40.450,58.090,76.840,86.570,80.130,76.460,87.230,83.930,64.800,64.650,64.420,47.900,135.270,136.130,183.510,145.330,171.050,108.880,24.790,0.000,18.600,40.160,66.420,119.190,83.040,74.420,92.790,134.400,122.440,112.890,181.880,209.200,197.580,221.990,219.250,202.580,203.490,201.410,166.830,187.410,208.470,240.600,259.600,245.270,256.340,229.420,277.460,287.270,310.910,273.150,336.580,328.410,331.710,339.460,356.030,369.300,380.200,308.840,311.310,257.510,190.680,234.130,231.460,341.530,317.840,345.150,367.290,369.550,441.760,482.220,514.110,494.100,463.610,552.880,642.070,609.180,622.410,601.190,591.730,522.040,561.380,522.470,614.190,638.320,581.090,609.310
39,62.910,39.710,225.310,338.050,488.000,81.240,80.710,62.870,66.140,72.050,82.180,83.550,66.290,66.630,75.340,64.800,63.190,69.580,61.430,49.170,56.420,79.390,89.120,82.680,79.000,88.410,86.480,59.650,64.930,56.380,34.000,136.450,137.310,184.690,146.510,172.230,110.060,41.480,18.650,0.000,56.620,48.000,94.800,64.510,61.220,79.590,115.880,104.010,94.370,163.350,190.670,159.530,223.170,220.430,203.760,204.670,202.590,168.010,188.590,209.650,241.780,260.780,246.450,257.520,230.600,278.640,288.450,312.090,274.330,337.760,329.590,332.890,340.640,357.210,370.480,381.380,310.020,312.490,185.870,152.630,196.080,193.410,294.950,279.790,326.630,293.780,296.600,442.940,483.400,515.290,495.280,464.790,554.060,643.250,610.360,623.590,602.370,592.910,397.260,419.500,371.740,473.430,497.560,582.270,610.490
40,59.490,39.060,223.260,336.000,485.940,77.820,77.290,63.450,62.720,68.630,78.750,80.130,68.630,68.030,75.970,61.370,38.810,66.150,58.200,21.950,57.210,75.970,85.700,79.250,75.580,86.350,83.060,63.920,63.770,63.550,59.680,134.390,135.260,182.640,144.450,170.170,108.000,36.980,40.230,56.710,0.000,104.540,118.310,121.150,116.850,135.700,172.510,160.550,151.000,223.700,233.420,196.700,221.110,218.380,201.700,202.610,200.540,165.960,186.530,207.590,239.730,258.720,244.390,255.460,228.550,276.590,286.400,310.030,272.280,335.710,327.540,330.840,338.590,355.150,368.430,379.330,307.960,310.430,256.640,189.810,233.250,230.590,340.660,316.960,382.030,366.420,368.670,440.890,481.340,513.230,493.220,462.740,552.010,641.190,608.310,621.540,600.320,590.850,521.160,560.500,521.590,613.320,637.450,580.210,608.430
41,110.720,74.620,273.120,385.860,535.800,129.050,128.520,110.680,113.950,119.860,129.990,131.360,114.100,114.440,123.150,112.600,111.000,117.390,109.230,96.980,104.230,127.200,136.930,130.480,126.810,136.220,134.290,107.450,112.740,104.190,81.560,184.250,185.120,232.500,194.320,220.040,157.870,76.390,66.460,47.730,104.430,0.000,142.350,59.890,87.760,94.340,100.760,56.280,79.250,148.240,175.560,160.260,270.980,268.240,251.560,252.480,250.400,215.820,236.390,257.460,289.590,308.590,294.260,305.330,278.410,326.450,336.260,359.900,322.140,385.570,377.400,380.700,388.450,405.010,418.290,429.190,357.830,360.300,233.430,200.190,228.480,240.970,279.840,263.770,311.520,308.460,344.160,490.750,531.210,563.090,543.090,512.600,601.870,691.050,658.170,671.400,650.180,640.710,382.140,404.390,386.660,458.310,482.440,630.070,658.300
42,62.430,122.580,112.660,225.400,375.350,66.730,66.210,53.250,56.050,51.420,59.190,69.040,53.220,54.720,46.210,58.940,69.080,62.640,57.770,85.920,69.530,45.670,49.670,49.190,47.970,43.170,48.990,57.640,55.760,60.610,61.390,60.910,48.230,122.220,84.030,109.750,66.200,120.500,119.650,94.930,118.730,142.750,0.000,133.030,69.950,85.250,171.520,195.900,150.010,163.570,153.530,91.360,110.520,107.790,91.110,92.020,89.940,43.200,75.940,97.000,129.130,148.130,133.800,144.870,117.960,165.990,175.810,199.440,161.680,225.120,216.940,220.240,228.000,244.560,257.840,268.740,197.370,199.840,146.040,75.710,127.910,116.490,235.320,211.620,276.680,216.860,258.080,330.290,370.750,402.640,382.630,352.140,441.420,530.600,497.720,510.950,489.730,480.260,294.380,333.720,294.810,386.540,410.670,469.620,497.840
43,123.540,104.400,268.450,381.190,531.130,134.400,133.880,111.460,118.400,115.070,126.920,136.710,114.880,109.770,118.480,120.800,130.190,125.660,114.550,142.510,126.120,120.980,132.690,124.700,120.600,131.550,130.050,109.730,110.300,110.520,91.150,179.580,180.450,227.830,189.640,215.360,153.200,106.180,83.340,64.800,121.320,59.840,133.810,0.000,58.160,58.030,49.080,68.300,27.570,96.550,123.870,101.170,266.310,263.570,246.890,247.800,245.730,211.150,231.720,252.790,284.920,303.920,289.580,300.650,273.740,321.780,331.590,355.220,317.470,380.900,372.730,376.030,383.780,400.340,413.620,424.520,353.160,355.620,199.840,166.600,169.400,207.380,228.150,212.080,259.830,256.770,310.570,310.860,526.530,558.420,538.410,507.930,597.200,686.380,653.500,666.730,645.510,636.040,330.460,352.700,334.980,406.630,430.760,625.400,653.620
44,68.770,122.290,213.680,326.420,476.360,79.630,79.110,56.690,63.630,60.300,72.150,81.950,60.110,55.000,63.710,66.030,75.420,70.900,59.780,87.740,71.350,66.220,77.920,69.940,65.830,76.780,75.280,54.960,55.530,55.750,34.810,124.810,125.680,173.060,134.880,160.600,98.430,120.210,74.340,61.210,118.440,87.370,69.890,51.580,0.000,20.190,90.060,114.440,68.550,108.190,117.910,77.710,211.540,208.800,192.120,193.040,190.960,105.790,176.950,198.020,230.150,249.150,234.820,245.890,218.970,267.010,276.820,300.460,262.700,326.130,317.960,321.260,329.010,345.580,358.850,369.750,298.390,300.860,139.180,105.940,149.380,146.720,224.810,197.240,256.490,225.800,249.910,301.510,471.770,503.660,483.650,453.160,542.430,631.610,598.730,611.960,590.740,581.270,327.120,349.360,331.640,403.290,427.420,570.640,598.860
45,86.920,140.440,231.830,344.570,494.510,97.780,97.260,74.840,81.780,78.450,90.300,100.090,78.260,73.150,81.860,84.180,93.570,89.050,77.930,105.890,89.500,84.370,96.070,88.090,83.980,94.930,93.430,73.110,73.680,73.900,53.210,142.960,143.830,191.210,153.030,178.740,116.580,138.350,92.740,79.610,136.590,94.100,85.270,58.300,20.220,0.000,96.790,121.170,75.280,88.190,97.910,74.020,229.690,226.950,210.270,211.190,209.110,174.530,195.100,216.170,248.300,267.300,252.960,264.030,237.120,285.160,294.970,318.610,280.850,344.280,336.110,339.410,347.160,363.720,377.000,387.900,316.540,319.010,154.550,121.310,142.240,162.090,204.810,186.120,236.490,230.810,265.280,284.900,489.910,521.800,501.800,471.310,560.580,649.760,616.880,630.110,608.890,599.420,307.120,329.360,311.640,383.290,407.420,588.780,617.010
46,161.530,152.690,306.440,419.180,391.540,172.390,171.870,149.450,156.390,153.060,164.910,174.700,152.870,147.760,156.470,158.790,168.180,163.650,152.540,180.500,164.110,158.970,170.680,162.690,158.590,169.540,168.040,147.720,148.290,148.510,129.140,217.570,218.440,265.820,227.640,253.350,191.190,154.460,131.630,113.080,211.200,100.830,171.810,49.090,96.150,96.020,0.000,71.550,22.000,48.020,78.420,97.910,304.300,301.560,284.880,285.800,283.720,249.140,269.710,290.780,322.910,341.910,327.570,338.640,311.730,359.770,369.580,393.220,355.460,418.890,410.720,414.020,421.770,438.330,451.610,462.510,391.150,279.490,201.420,170.470,156.720,198.550,179.610,166.620,211.300,211.320,250.750,265.400,386.940,418.830,398.820,368.330,457.610,546.790,513.910,527.140,505.920,496.450,281.920,304.170,286.440,358.090,382.220,392.070,420.290
47,191.960,130.900,336.870,449.610,599.560,202.820,202.300,179.880,186.830,183.500,195.340,205.140,183.300,178.190,186.910,189.220,198.620,194.090,182.970,153.260,160.510,189.410,201.110,193.130,189.020,199.970,198.470,178.150,178.720,178.950,137.850,248.010,248.870,296.250,258.070,283.790,221.620,132.680,122.750,104.020,160.720,56.290,202.240,68.290,126.580,126.450,71.590,0.000,82.020,118.940,149.340,171.950,334.730,331.990,315.320,316.230,314.150,279.570,300.150,321.210,353.340,372.340,358.010,369.080,342.160,390.200,400.010,423.650,385.890,449.320,441.150,444.450,452.200,468.770,482.040,492.940,421.580,424.050,268.260,235.020,227.640,275.810,250.530,237.540,282.220,282.230,321.670,336.320,594.960,626.850,606.840,576.350,665.620,754.810,721.920,735.150,713.930,704.470,352.840,375.080,357.360,429.010,453.140,462.990,491.210
48,140.010,131.170,284.920,397.660,547.600,150.870,150.350,127.930,134.870,131.540,143.390,153.180,131.350,126.240,134.950,137.270,146.660,142.130,131.020,158.980,142.590,137.450,149.160,141.170,137.070,148.020,146.520,126.200,126.770,126.990,107.620,196.050,196.920,244.300,206.110,231.830,169.670,132.940,110.110,91.560,189.680,79.310,150.280,27.570,74.630,74.500,21.810,81.970,0.000,69.290,96.610,90.660,282.780,280.040,263.360,264.270,262.200,227.620,248.190,269.260,301.390,320.390,306.050,317.120,290.210,338.250,348.060,371.690,333.940,397.370,389.200,392.500,400.250,416.810,430.090,440.990,369.630,372.090,216.310,183.070,158.880,190.420,200.890,184.820,232.570,229.510,268.940,283.590,543.000,574.890,554.880,524.400,613.670,702.850,669.970,683.200,661.980,652.510,303.190,325.440,307.710,379.360,403.490,413.340,441.560
49,174.920,228.440,233.150,289.960,370.080,185.780,185.260,162.840,169.780,166.450,178.300,188.100,166.260,161.150,169.860,172.180,181.570,177.050,165.930,193.890,177.500,172.370,184.070,176.090,171.980,182.930,181.430,161.110,161.680,161.900,141.210,230.960,231.830,279.210,241.030,266.750,204.580,226.360,179.100,160.550,224.590,148.300,163.560,96.560,108.220,88.190,47.970,118.980,69.470,0.000,32.880,72.320,231.010,220.890,208.880,236.620,234.540,196.630,220.540,228.110,249.620,260.170,245.840,259.240,238.440,278.030,287.840,311.480,245.080,288.910,288.160,291.460,288.070,300.770,313.120,332.160,280.770,250.170,172.100,145.350,127.400,169.230,131.090,123.680,162.770,168.370,207.800,222.450,365.480,397.370,377.360,346.880,436.150,525.330,492.450,505.680,484.460,474.990,233.400,255.640,237.920,309.570,333.700,343.550,371.770
50,184.640,238.160,216.040,260.990,338.010,195.500,194.980,172.560,179.500,176.170,188.020,197.810,175.980,170.870,179.580,181.900,191.290,186.760,175.650,203.610,187.220,186.910,192.940,190.420,181.700,189.830,193.330,170.830,171.400,171.620,150.930,213.150,200.470,287.310,249.130,274.840,212.680,236.070,190.460,187.880,234.310,175.630,153.460,123.890,117.940,97.910,78.460,149.460,96.800,32.890,0.000,62.210,213.900,203.780,220.420,218.510,217.010,186.530,210.430,211.000,232.510,243.060,228.730,242.130,221.340,260.920,270.730,294.370,227.970,259.840,263.150,266.450,256.070,267.370,281.050,302.130,271.740,233.060,154.990,135.250,110.290,152.120,110.300,91.610,141.980,136.300,175.740,190.390,333.420,365.310,345.300,314.810,404.080,493.260,460.380,473.610,452.390,442.930,212.610,234.850,217.130,288.780,312.910,322.760,350.980
51,141.630,201.780,160.090,231.430,303.690,145.930,145.410,132.450,135.250,130.620,138.390,148.240,132.420,127.580,125.410,138.140,148.280,141.840,136.970,165.120,148.730,124.870,130.910,128.380,127.170,127.800,131.290,130.630,128.750,128.030,126.220,151.110,138.430,225.270,187.090,212.810,150.640,199.700,198.840,159.750,197.930,160.370,91.420,101.320,77.910,74.100,98.000,172.100,90.960,72.240,62.200,0.000,157.940,147.820,136.740,164.480,162.400,124.490,148.400,142.960,176.550,187.100,172.770,186.180,165.380,204.960,214.780,238.410,200.650,230.380,255.910,259.210,229.540,242.250,296.810,273.630,236.340,191.640,99.030,73.210,68.870,100.410,143.990,120.290,185.360,148.850,178.500,202.930,299.090,330.980,310.970,280.490,369.760,458.940,426.060,439.290,418.070,408.600,228.730,278.220,229.160,332.150,356.280,334.790,363.010
52,163.830,223.990,9.890,136.280,286.220,168.140,167.610,158.230,157.870,152.830,160.530,170.450,155.410,161.310,147.620,160.340,170.480,164.040,162.740,190.400,174.010,147.010,136.640,150.530,149.310,138.400,144.460,162.610,160.730,165.580,190.700,110.370,97.690,171.670,133.490,159.210,115.630,221.900,221.050,222.350,220.140,270.180,108.020,265.360,210.410,229.270,303.850,328.230,282.340,230.530,213.540,157.370,0.000,13.000,15.070,7.660,12.240,58.240,33.530,10.630,22.140,41.810,27.860,37.880,10.960,59.640,61.070,86.990,72.560,135.990,127.810,131.110,138.870,155.430,168.710,179.610,108.240,110.710,56.370,90.750,103.140,85.060,196.490,165.730,237.860,166.150,168.400,241.170,281.620,313.510,293.500,263.020,352.290,441.470,408.590,421.820,400.600,391.130,321.440,360.780,321.870,413.600,437.730,380.490,408.710
53,164.450,224.610,14.770,122.150,272.100,168.760,168.240,158.850,158.490,153.450,161.160,171.070,156.030,161.930,148.240,160.970,171.110,164.670,163.370,191.020,174.630,147.640,137.260,151.150,149.930,139.020,145.090,163.240,161.360,166.210,191.320,110.990,98.310,172.300,134.110,159.830,116.260,222.530,221.670,222.980,220.760,270.800,108.640,265.990,211.040,229.890,304.480,328.850,282.970,220.990,204.010,147.830,13.510,0.000,26.160,18.690,20.110,58.860,34.150,16.730,31.240,36.090,27.360,35.170,20.070,59.550,60.980,86.900,52.720,121.860,113.690,116.990,124.740,141.310,154.580,165.480,94.120,96.590,46.830,81.210,93.600,75.520,186.950,156.200,228.320,156.610,158.860,227.040,267.500,299.390,279.380,248.890,338.160,427.350,394.460,407.690,386.470,377.010,307.320,346.660,307.750,399.470,423.610,366.370,394.590
54,145.300,205.460,19.970,142.260,292.200,149.610,149.080,139.700,139.340,134.300,142.010,151.920,136.880,142.780,129.090,141.820,151.950,145.520,144.210,171.870,155.480,128.490,118.110,132.000,130.780,119.870,125.940,144.080,142.200,147.060,172.170,91.840,79.160,153.140,114.960,140.680,97.100,203.380,202.520,203.820,201.610,251.650,89.490,246.840,191.880,210.740,285.320,309.700,263.810,208.800,220.070,136.590,16.130,24.640,0.000,6.500,3.710,39.710,15.000,13.850,36.440,56.110,50.650,52.180,25.260,82.850,92.660,116.290,78.540,141.970,133.790,137.090,144.850,161.410,174.690,185.590,114.220,116.690,62.890,66.710,109.670,91.590,203.020,172.260,244.380,172.680,174.930,247.140,287.600,319.490,299.480,269.000,358.270,447.450,414.570,427.800,406.580,397.110,327.420,366.760,327.850,419.580,443.710,386.470,414.690
55,146.520,206.680,14.470,140.990,290.930,150.830,150.310,140.920,140.560,135.520,143.230,153.140,138.100,144.000,130.310,143.040,153.180,146.740,145.440,173.090,156.700,129.710,119.330,133.220,132.000,121.090,127.160,145.310,143.430,148.280,173.390,93.060,80.380,154.370,116.180,141.900,98.320,204.600,203.740,205.040,202.830,252.870,90.710,248.060,193.110,211.960,286.550,310.920,265.040,237.210,218.250,164.990,6.640,17.840,6.520,0.000,3.690,40.930,16.180,10.190,28.520,48.190,34.240,44.250,17.340,66.020,67.440,93.370,77.270,140.700,132.520,135.820,143.580,160.140,173.420,184.320,112.950,115.420,61.080,72.680,107.850,89.770,201.200,170.450,242.570,170.860,173.110,245.880,286.330,318.220,298.210,267.730,357.000,446.180,413.300,426.530,405.310,395.840,326.150,365.490,326.580,418.310,442.440,385.200,413.420
56,144.850,205.010,16.680,140.860,290.800,149.160,148.640,139.250,138.890,133.850,141.560,151.470,136.430,142.330,128.640,141.370,151.500,145.070,143.770,171.420,155.030,128.040,117.660,131.550,130.330,119.420,125.490,143.630,141.760,146.610,171.720,91.390,78.710,152.700,114.510,140.230,96.650,202.930,202.070,203.370,201.160,251.200,89.040,246.390,191.440,210.290,284.870,309.250,263.370,235.540,218.670,163.320,10.000,20.050,3.680,3.700,0.000,39.260,14.510,9.410,33.150,52.810,38.870,48.880,21.970,70.650,72.070,114.890,77.140,140.570,132.390,135.690,143.450,160.010,173.290,184.190,112.820,115.290,61.490,69.830,108.270,90.190,201.620,170.860,242.980,171.280,173.530,245.740,286.200,318.090,298.080,267.600,356.870,446.050,413.170,426.400,405.180,395.710,326.020,365.360,326.450,418.180,442.310,385.070,413.290
57,117.240,177.400,61.070,173.810,323.760,121.550,121.020,111.630,111.280,106.240,113.940,123.860,108.820,114.720,101.030,113.750,123.890,117.450,116.150,143.810,127.420,100.420,90.040,103.940,102.720,91.800,97.870,116.020,114.140,118.990,144.110,63.770,51.090,125.080,86.900,112.610,69.040,175.310,174.460,175.760,173.550,223.580,43.170,218.770,105.930,121.220,257.260,281.640,235.750,196.650,186.610,124.440,58.930,56.200,39.520,40.430,38.350,0.000,24.350,45.410,77.540,96.540,82.210,93.280,66.370,114.400,124.220,147.850,110.090,173.530,165.350,168.650,176.410,192.970,206.250,217.150,145.780,148.250,94.450,48.350,103.980,89.130,197.320,166.570,238.690,204.240,206.490,278.700,319.160,351.050,331.040,300.560,389.830,479.010,446.130,459.360,438.140,428.670,358.980,398.320,359.410,451.140,475.270,418.030,446.250
58,130.930,191.090,36.800,149.540,299.490,135.240,134.720,125.330,124.970,119.930,127.640,137.550,122.510,128.410,114.720,127.450,137.580,131.150,129.840,157.500,141.110,114.120,103.740,117.630,116.410,105.500,111.570,129.710,127.840,132.690,157.800,77.470,64.790,138.780,100.590,126.310,82.730,189.010,188.150,189.450,187.240,237.280,75.120,232.470,177.520,196.370,270.950,295.330,249.450,221.620,211.570,149.400,34.660,31.930,15.250,16.130,14.060,25.340,0.000,21.140,53.270,72.270,57.940,69.010,42.100,90.130,99.950,123.580,85.820,149.260,141.080,144.380,152.140,168.700,181.980,192.880,121.510,123.980,70.180,62.370,116.960,98.880,210.300,179.550,251.670,179.970,182.220,254.430,294.890,326.780,306.770,276.280,365.560,454.740,421.860,435.090,413.870,404.400,334.710,374.050,335.140,426.870,451.000,393.760,421.980
59,151.560,211.720,14.770,132.190,282.130,155.870,155.340,145.950,145.600,140.560,148.260,158.180,143.140,149.040,135.350,148.070,158.210,151.770,150.470,178.130,161.740,134.740,124.360,138.260,137.040,126.120,132.190,150.340,148.460,153.310,178.430,98.090,85.410,159.400,121.220,146.940,103.360,209.630,208.780,210.080,207.870,257.900,95.750,253.090,198.140,217.000,291.580,315.960,270.070,226.990,210.000,153.830,10.940,14.570,13.260,9.900,9.450,45.970,21.260,0.000,31.240,50.900,40.580,46.970,20.060,72.780,82.590,106.220,68.470,131.900,123.730,127.030,134.780,151.340,164.620,175.520,104.150,106.620,52.830,73.370,99.600,81.520,192.950,162.200,234.320,162.610,164.860,237.080,277.530,309.420,289.410,258.930,348.200,437.380,404.500,417.730,396.510,387.040,317.350,356.690,317.780,409.510,433.640,376.400,404.620
60,182.980,243.130,21.560,145.340,295.280,187.280,186.760,177.370,177.010,171.970,179.680,189.600,174.550,180.450,166.760,179.490,189.630,183.190,181.890,209.540,193.150,166.160,155.780,169.670,168.460,157.540,163.610,181.760,179.880,184.730,209.840,129.510,116.830,190.820,152.630,178.350,134.780,241.050,240.200,241.500,239.280,289.320,127.170,284.510,229.560,248.410,323.000,347.380,301.490,249.680,232.690,176.520,21.990,26.640,35.920,29.400,33.090,77.380,52.680,31.210,0.000,21.280,23.830,19.360,12.370,46.920,48.350,74.270,69.040,145.050,136.880,140.180,147.930,164.500,177.770,188.670,106.290,119.780,75.510,109.890,122.290,104.210,215.630,184.880,257.000,185.290,187.550,250.230,290.690,322.580,302.570,272.080,361.350,450.540,417.650,430.880,409.660,400.200,330.510,369.850,330.940,422.660,446.790,389.560,417.780
61,202.520,262.680,36.520,122.940,272.880,206.830,206.300,196.920,196.560,191.520,199.230,209.140,194.100,200.000,186.310,199.040,209.170,202.740,201.430,229.090,212.700,185.710,175.330,189.220,188.000,177.090,183.160,201.300,199.430,204.280,229.390,149.060,136.380,210.370,172.180,197.900,154.320,260.600,259.740,261.040,258.830,308.870,146.710,304.060,249.110,267.960,342.540,366.920,321.040,264.630,247.650,191.470,36.950,36.140,50.880,44.350,48.040,96.930,72.220,46.160,21.110,0.000,14.670,1.890,26.020,25.800,27.220,53.150,42.590,122.650,114.480,117.780,125.530,142.090,155.370,166.270,92.090,97.380,90.470,124.850,137.240,119.160,230.590,199.840,271.960,172.550,159.760,227.830,268.290,300.170,280.170,249.680,338.950,428.130,395.250,408.480,387.260,377.790,308.110,347.450,308.540,400.260,424.390,367.150,395.380
62,188.180,248.340,28.160,114.860,264.800,192.490,191.970,182.580,182.220,177.180,184.890,194.800,179.760,185.660,171.970,184.700,194.840,188.400,187.100,214.750,198.360,171.370,160.990,174.880,173.660,162.750,168.820,186.970,185.090,189.940,215.050,134.720,122.040,196.030,157.840,183.560,139.980,246.260,245.400,246.700,244.490,294.530,132.370,289.720,234.770,253.620,328.210,352.580,306.700,245.790,228.800,172.630,28.580,27.220,49.890,35.990,39.680,82.590,57.880,40.460,24.510,14.660,0.000,13.740,17.990,32.950,34.370,60.290,46.750,114.570,106.400,109.700,117.450,134.010,147.290,158.190,84.010,89.290,71.620,106.010,118.400,100.320,211.750,180.990,253.110,164.460,151.670,219.750,260.200,292.090,272.080,241.600,330.870,420.050,387.170,400.400,379.180,369.710,300.020,339.360,300.450,392.180,416.310,359.070,387.290
63,194.070,254.220,32.660,124.950,274.890,198.370,197.850,188.460,188.100,183.060,190.770,200.690,185.640,191.540,177.850,190.580,200.720,194.280,192.980,220.630,204.240,177.250,166.870,180.760,179.550,168.630,174.700,192.850,190.970,195.820,220.930,140.600,127.920,201.910,163.720,189.440,145.870,252.140,251.290,252.590,250.370,300.410,138.260,295.600,240.650,259.500,334.090,358.470,312.580,260.770,243.780,187.610,33.080,35.290,47.010,40.490,44.180,88.470,63.770,42.300,19.440,2.150,13.830,0.000,22.160,27.220,28.640,54.560,56.840,124.660,116.490,119.780,127.540,144.100,157.380,168.280,94.100,99.380,86.600,120.980,133.380,115.300,226.720,195.970,268.090,174.550,161.760,229.840,270.290,302.180,282.170,251.690,340.960,430.140,397.260,410.490,389.270,379.800,310.110,349.450,310.540,402.270,426.400,369.160,397.380
64,172.780,232.930,11.360,134.110,284.050,177.080,176.560,167.170,166.810,161.770,169.480,179.390,164.350,170.250,156.560,169.290,179.430,172.990,171.690,199.340,182.950,155.960,145.580,159.470,158.250,147.340,153.410,171.560,169.680,174.530,199.640,119.310,106.630,180.620,142.430,168.150,124.580,230.850,230.000,231.300,229.080,279.120,116.960,274.310,219.360,238.210,312.800,337.180,291.290,239.480,222.490,166.320,11.790,21.080,25.720,19.200,22.890,67.180,42.470,21.010,12.410,26.630,17.270,22.190,0.000,49.050,50.470,76.390,65.340,133.820,125.650,128.950,136.700,153.260,166.540,177.440,106.080,108.540,65.310,99.690,112.090,94.000,205.430,174.680,246.800,175.090,177.350,239.000,279.450,311.340,291.330,260.850,350.120,439.300,406.420,419.650,398.430,388.960,319.280,358.610,319.710,411.430,435.560,378.320,406.540
65,220.300,280.460,60.780,109.080,262.570,224.610,224.090,214.700,214.340,209.300,217.010,226.920,211.880,217.780,204.090,216.820,226.960,220.520,219.220,246.870,230.480,203.490,193.110,207.000,205.780,194.870,200.940,219.090,217.210,222.060,247.170,166.840,154.160,228.150,189.960,215.680,172.100,278.380,277.520,278.820,276.610,326.650,164.490,321.840,266.890,285.740,360.330,384.700,338.820,277.910,260.920,204.750,61.200,59.340,82.010,68.610,72.300,114.710,90.000,72.580,46.890,25.650,32.750,27.140,48.620,0.000,13.110,37.290,43.340,108.790,100.620,103.920,111.670,124.380,145.060,152.410,66.430,84.900,103.740,138.130,150.520,132.440,245.130,214.380,286.500,181.400,168.610,217.520,257.970,289.860,269.850,239.370,328.640,417.820,384.940,398.170,376.950,367.480,297.790,337.130,298.220,389.950,414.080,356.840,385.060
66,230.070,290.230,62.340,96.910,250.400,234.380,233.860,224.470,224.110,219.070,226.780,236.690,221.650,227.550,213.860,226.590,236.730,230.290,228.990,256.640,240.250,213.260,202.880,216.770,215.550,204.640,210.710,228.850,226.980,231.830,256.940,176.610,163.930,237.920,199.730,225.450,181.870,288.150,287.290,288.590,286.380,336.420,174.260,331.610,276.660,295.510,370.090,394.470,348.590,297.690,280.710,224.530,62.760,60.900,91.780,70.170,73.860,124.480,99.770,82.350,48.450,27.220,34.310,28.700,50.180,13.140,0.000,25.780,31.180,96.620,88.450,91.750,99.500,112.210,132.890,140.240,54.920,72.740,123.530,157.910,170.310,152.220,233.580,202.830,274.950,169.850,159.170,205.350,245.800,277.690,257.690,227.200,316.470,405.650,372.770,386.000,364.780,355.310,285.630,324.960,286.060,377.780,401.910,344.670,372.900
67,253.370,313.530,87.710,66.840,236.920,257.680,257.150,247.770,247.410,242.370,250.080,259.990,244.950,250.850,237.160,249.890,260.020,253.590,252.280,279.940,263.550,236.560,226.180,240.070,238.850,227.940,234.010,252.150,250.270,255.120,280.240,199.910,187.230,261.210,223.030,248.750,205.170,311.450,310.590,311.890,309.680,359.720,197.560,354.910,299.950,318.810,393.390,417.770,371.880,320.990,304.010,247.830,88.130,86.270,115.070,95.540,99.230,147.780,123.070,105.650,73.820,52.580,59.680,54.070,75.550,36.970,25.430,0.000,47.230,68.320,61.820,62.990,73.650,81.690,119.410,112.220,31.140,70.920,146.830,181.210,193.600,175.520,241.850,211.100,283.220,178.120,157.350,185.060,232.320,264.210,244.200,213.720,302.990,392.170,359.290,372.520,351.300,341.830,265.330,304.670,265.760,357.490,381.620,331.190,359.410
68,216.170,276.330,74.410,66.750,220.240,220.470,219.950,210.560,210.210,205.170,212.870,222.790,207.750,213.640,199.960,212.680,222.820,216.380,215.080,242.740,226.350,199.350,188.970,202.870,201.650,190.730,196.800,214.950,213.070,217.920,243.040,162.700,150.020,224.010,185.830,211.540,167.970,274.240,273.390,274.690,272.480,322.510,160.360,317.700,262.750,281.600,356.190,380.570,334.680,245.190,228.210,175.020,72.270,57.090,77.870,76.880,74.460,110.570,85.870,68.450,69.000,42.560,46.710,56.730,69.700,43.470,31.110,47.350,0.000,66.460,58.290,61.590,69.340,82.050,102.730,110.080,38.850,42.570,73.660,144.010,117.800,102.700,203.410,172.660,244.780,139.680,129.010,175.190,215.640,247.530,227.520,197.040,286.310,375.490,342.610,355.840,334.620,325.150,255.460,294.800,255.890,347.620,371.750,314.510,342.730
69,279.470,339.620,137.710,1.970,166.360,283.770,283.250,273.860,273.500,268.460,276.170,286.090,271.040,276.940,263.250,275.980,286.120,279.680,278.380,306.030,289.640,262.650,252.270,266.160,264.950,254.030,260.100,278.250,276.370,281.220,306.330,226.000,213.320,287.310,249.120,274.840,231.270,337.540,336.690,337.990,335.770,385.810,223.660,381.000,326.050,344.900,419.490,443.870,397.980,289.070,260.000,230.570,135.570,120.390,141.170,140.180,137.760,173.870,149.170,131.750,144.510,122.220,114.130,124.150,133.000,108.520,96.170,67.900,66.180,0.000,7.230,5.640,7.110,13.750,35.210,44.280,37.710,51.190,172.920,172.710,163.660,162.140,199.090,168.340,240.460,135.360,98.180,118.840,161.770,193.650,173.650,143.160,232.430,321.610,288.730,301.960,280.740,271.270,199.120,238.450,199.550,291.270,315.400,260.630,288.860
70,271.490,331.650,129.730,7.320,174.700,275.800,275.270,265.890,265.530,260.490,268.190,278.110,263.070,268.970,255.280,268.000,278.140,271.700,270.400,298.060,281.670,254.670,244.300,258.190,256.970,246.060,252.120,270.270,268.390,273.240,298.360,218.030,205.350,279.330,241.150,266.870,223.290,329.560,328.710,330.010,327.800,377.840,215.680,373.020,318.070,336.930,411.510,435.890,390.000,288.180,263.210,229.670,127.590,112.410,133.190,132.200,129.780,165.900,141.190,123.770,136.530,114.240,106.160,116.180,125.020,100.550,88.190,62.360,58.200,7.410,0.000,3.470,12.230,18.900,42.400,51.160,32.170,46.610,164.950,199.330,162.760,161.240,202.300,171.540,243.670,138.570,106.520,127.180,170.100,201.990,181.990,151.500,240.770,329.950,297.070,310.300,289.080,279.610,207.460,246.790,207.890,299.610,323.740,268.970,297.200
71,274.810,334.970,133.050,4.130,171.150,279.120,278.590,269.200,268.850,263.810,271.510,281.430,266.390,272.290,258.600,271.320,281.460,275.020,273.720,301.380,284.990,257.990,247.620,261.510,260.290,249.380,255.440,273.590,271.710,276.560,301.680,221.340,208.660,282.650,244.470,270.190,226.610,332.880,332.030,333.330,331.120,381.150,219.000,376.340,321.390,340.250,414.830,439.210,393.320,291.490,263.630,232.990,130.910,115.730,136.510,135.520,133.100,169.220,144.510,127.090,139.850,117.560,109.480,119.500,128.340,103.860,91.510,62.960,61.520,5.610,3.460,0.000,11.900,18.980,40.540,49.510,32.770,49.930,168.260,202.650,166.080,164.560,202.710,171.960,244.080,138.980,102.970,123.630,166.550,198.440,178.440,147.950,237.220,326.400,293.520,306.750,285.530,276.060,203.900,243.240,204.340,296.060,320.190,265.420,293.650
72,282.970,343.130,141.220,8.150,162.260,287.280,286.760,277.370,277.010,271.970,279.680,289.590,274.550,280.450,266.760,279.490,289.630,283.190,281.890,309.540,293.150,266.160,255.780,269.670,268.450,257.540,263.610,281.760,279.880,284.730,309.840,229.510,216.830,290.820,252.630,278.350,234.780,341.050,340.190,341.500,339.280,389.320,227.160,384.510,329.560,348.410,423.000,447.370,401.490,288.060,256.130,229.550,139.080,123.900,144.680,143.690,141.270,177.380,152.670,135.250,148.020,125.720,117.640,127.660,136.500,115.330,102.970,77.840,72.980,6.600,12.380,11.860,0.000,12.220,35.720,48.890,47.650,52.980,136.540,171.690,162.640,161.130,195.220,164.470,236.590,131.490,94.070,114.730,157.660,189.550,169.540,139.050,228.320,317.510,284.620,297.850,276.640,267.170,195.010,234.350,195.440,287.160,311.290,256.530,284.750
73,294.270,354.420,152.510,14.790,166.670,298.570,298.050,288.660,288.300,283.260,290.970,300.890,285.840,291.740,278.050,290.780,300.920,294.480,293.180,320.830,304.440,277.450,267.070,280.960,279.750,268.830,274.900,293.050,291.170,296.020,321.130,240.800,228.120,302.110,263.920,289.640,246.070,352.340,351.490,352.790,350.570,400.610,238.460,395.800,340.850,359.700,434.290,458.670,412.780,300.780,267.430,242.280,150.370,135.190,155.970,154.980,152.560,188.670,163.970,146.550,159.310,137.020,128.930,138.950,147.800,126.620,114.260,90.560,84.270,11.360,18.940,18.920,12.230,0.000,26.610,53.630,60.370,65.700,149.260,184.420,175.370,173.850,206.510,175.760,247.880,142.780,96.350,117.010,162.080,193.970,173.960,143.470,232.740,321.920,289.040,302.270,281.050,271.580,197.290,236.620,197.720,289.440,313.570,260.950,289.170
74,312.100,372.250,170.340,36.530,104.370,316.400,315.880,306.490,306.130,301.090,308.800,318.720,303.670,309.570,295.880,308.610,318.750,312.310,311.010,338.660,322.270,295.280,284.900,298.790,297.580,286.660,292.730,310.880,309.000,313.850,338.960,258.630,245.950,319.940,281.750,307.470,263.900,370.170,369.320,370.620,368.400,418.440,256.290,413.630,358.680,377.530,452.120,476.500,430.610,320.000,279.950,261.490,168.200,153.020,173.800,172.810,170.390,206.500,181.800,164.380,177.140,154.850,146.760,156.780,165.630,144.450,132.090,118.530,102.100,34.920,59.170,40.300,38.870,26.620,0.000,77.080,88.350,84.910,205.550,239.930,194.580,193.060,219.040,188.290,248.890,155.310,97.670,99.550,103.360,139.970,145.870,90.920,204.650,293.830,260.950,274.180,252.960,243.500,179.830,219.160,180.260,271.980,296.110,232.860,261.080
75,323.380,383.530,181.620,45.080,208.150,327.680,327.160,317.770,317.420,312.380,320.080,330.000,314.960,320.850,307.170,319.890,330.030,323.590,322.290,349.940,333.560,306.560,296.180,310.070,308.860,297.940,304.010,322.160,320.280,325.130,350.250,269.910,257.230,331.220,293.040,318.750,275.180,381.450,380.600,381.900,379.690,429.720,267.570,424.910,369.960,388.810,463.400,487.780,441.890,332.150,302.200,273.650,179.480,164.300,185.080,184.090,181.670,217.780,193.080,175.660,188.420,166.130,158.050,168.060,176.910,152.430,140.080,111.470,110.090,43.910,51.240,49.210,48.900,53.730,80.120,0.000,81.280,95.110,180.630,215.790,206.740,205.220,241.280,210.530,282.650,177.550,139.970,160.630,203.550,235.440,215.440,184.950,274.220,363.400,330.520,343.750,322.530,313.060,240.910,280.240,241.340,333.060,357.190,302.420,330.650
76,251.850,312.000,110.090,36.600,206.690,256.150,255.630,246.240,245.880,240.840,248.550,258.470,243.420,249.320,235.630,248.360,258.500,252.060,250.760,278.410,262.020,235.030,224.650,238.540,237.330,226.410,232.480,250.630,248.750,253.600,278.710,198.380,185.700,259.690,221.500,247.220,203.650,309.920,309.070,310.370,308.150,358.190,196.040,353.380,298.430,317.280,391.870,416.250,370.360,280.870,271.760,210.690,107.950,92.770,113.550,112.560,110.140,146.250,121.550,104.130,116.890,92.060,83.970,93.990,105.380,66.460,54.920,31.160,38.800,38.080,31.580,32.760,43.410,51.460,89.180,81.990,0.000,39.920,109.340,179.680,153.480,138.380,210.850,180.100,252.220,147.120,126.350,154.820,202.090,233.980,213.970,183.480,272.760,361.940,329.060,342.290,321.070,311.600,235.100,274.440,235.530,327.260,351.390,300.960,329.180
77,253.920,314.080,112.170,51.700,214.440,258.230,257.710,248.320,247.960,242.920,250.630,260.540,245.500,251.400,237.710,250.440,260.580,254.140,252.840,280.490,264.100,237.110,226.730,240.620,239.400,228.490,234.560,252.700,250.830,255.680,280.790,200.460,187.780,261.770,223.580,249.300,205.720,312.000,311.140,312.440,310.230,360.270,198.110,355.460,300.510,319.360,279.410,418.320,372.440,250.180,233.190,191.670,110.030,94.850,115.630,114.640,112.220,148.330,123.620,106.200,118.970,96.670,88.590,98.610,107.450,84.930,72.570,70.950,42.580,51.410,46.570,49.870,53.050,65.750,96.930,95.030,39.920,0.000,98.660,133.810,124.760,123.250,183.350,152.600,224.720,119.620,98.850,129.130,209.840,241.730,221.730,191.240,280.510,369.690,336.810,350.040,328.820,319.350,209.410,248.740,209.840,301.560,325.690,308.710,336.940
78,201.750,261.910,59.080,163.370,228.310,206.060,205.540,196.150,195.790,190.750,198.460,208.370,193.330,199.230,185.540,198.270,208.410,201.970,200.670,228.320,211.930,184.940,174.560,188.450,187.230,176.320,182.390,200.540,198.660,203.510,152.410,148.290,135.610,209.600,171.410,197.130,153.550,259.830,258.970,185.950,258.060,233.770,108.910,198.880,139.270,154.570,200.780,261.740,215.860,171.550,154.560,99.070,56.940,46.810,63.460,61.550,60.050,60.280,71.450,54.030,75.550,86.090,71.760,85.170,64.370,103.960,113.770,137.400,99.650,163.080,154.910,158.210,136.480,149.190,195.800,206.700,135.330,98.580,0.000,37.330,44.160,26.760,137.500,106.750,178.870,110.620,112.870,164.470,223.710,255.600,235.590,205.100,294.380,383.560,350.680,363.910,342.690,333.220,199.020,238.360,199.450,291.180,315.310,322.580,350.800
79,134.670,194.830,93.560,197.850,263.460,138.980,138.450,125.500,128.290,123.670,131.440,141.290,125.470,120.630,118.460,131.190,141.320,134.890,130.010,158.160,141.770,117.920,123.950,121.430,120.210,120.840,124.340,123.670,121.790,121.070,119.260,108.840,96.160,170.150,131.960,157.680,114.110,192.750,191.890,152.800,190.980,200.630,75.760,165.730,106.130,121.420,170.490,228.600,182.710,145.400,135.360,73.190,91.420,81.300,66.740,76.700,69.860,48.350,62.360,72.970,110.030,120.580,106.250,119.650,98.860,138.440,148.250,171.890,134.130,197.560,189.390,192.690,171.630,184.340,230.280,241.180,169.820,133.730,37.290,0.000,67.860,44.830,161.200,130.450,202.570,145.200,148.020,199.630,258.860,290.750,270.740,240.260,329.530,418.710,385.830,399.060,377.840,368.370,222.720,262.060,223.150,314.880,339.010,357.730,385.950
80,178.040,238.200,105.760,164.610,236.870,182.350,181.820,168.860,171.660,167.040,174.810,184.660,168.840,164.000,161.830,174.550,184.690,178.250,173.380,201.530,185.140,161.290,167.320,164.800,163.580,164.210,167.700,167.040,165.160,164.440,162.630,194.970,182.290,256.270,218.090,243.810,200.230,236.110,235.260,196.170,234.350,228.550,127.830,169.500,149.490,142.280,156.620,227.620,159.140,127.390,110.400,68.880,103.610,93.490,110.130,108.220,106.720,104.160,118.130,100.710,122.230,132.770,118.440,131.850,111.050,150.630,160.450,184.080,117.690,163.560,162.820,166.120,162.720,175.430,196.020,206.810,153.380,124.820,44.700,68.000,0.000,41.830,117.230,86.470,158.590,101.220,111.680,139.900,232.270,264.160,244.150,213.670,302.940,392.120,359.240,372.470,351.250,341.780,178.750,218.080,179.180,270.900,295.030,331.140,359.360
81,175.430,235.590,87.770,162.960,252.890,179.740,179.210,166.250,169.050,164.430,172.200,182.050,166.230,161.390,159.220,171.950,182.080,175.650,170.770,198.920,182.530,158.680,203.250,162.190,160.970,205.010,211.080,164.430,162.550,161.830,160.020,176.980,164.300,238.290,200.110,225.820,182.250,233.510,232.650,193.560,231.740,241.390,116.520,206.490,146.890,162.180,198.450,269.360,190.730,169.220,152.230,100.480,85.630,75.510,92.150,90.240,88.740,89.110,100.150,82.730,104.240,114.790,100.460,113.860,93.070,132.650,142.460,166.100,128.340,161.910,183.600,186.900,161.070,173.770,224.490,205.160,164.030,123.170,26.720,44.940,41.830,0.000,141.340,110.580,182.710,125.330,137.450,189.060,248.290,280.180,260.180,229.690,318.960,408.140,375.260,388.490,367.270,357.800,202.860,242.190,203.290,295.010,319.140,347.160,375.390
82,285.550,345.700,199.060,200.100,277.120,289.850,289.330,276.370,279.170,274.540,282.310,292.170,276.350,271.500,269.330,282.060,292.200,285.760,280.890,309.040,292.650,268.790,274.830,272.310,271.090,271.720,275.210,274.550,272.670,271.950,270.140,288.270,275.590,349.580,311.390,337.110,293.530,343.620,342.770,292.160,341.850,279.910,235.340,228.160,224.760,204.730,179.580,250.590,201.080,131.070,110.340,144.100,196.920,186.790,203.440,201.530,200.030,197.460,211.430,194.010,215.530,226.070,211.740,225.150,204.350,245.180,233.390,241.880,203.400,198.960,202.260,205.560,195.180,206.480,220.160,241.240,210.850,183.350,138.000,161.300,117.260,141.320,0.000,30.720,40.520,75.410,114.850,129.500,272.530,304.420,284.410,253.920,343.190,432.370,399.490,412.720,391.500,382.040,111.140,133.390,115.670,187.310,211.450,221.300,249.520
83,261.740,321.900,168.340,169.380,246.400,266.050,265.530,252.570,255.370,250.740,258.510,268.360,252.540,247.700,245.530,258.260,268.400,261.960,257.090,285.240,268.850,244.990,283.820,248.500,247.290,247.920,251.410,250.740,248.870,248.150,246.340,257.550,244.870,318.860,280.670,306.390,262.810,319.820,318.960,279.870,318.050,263.770,211.540,212.030,198.030,186.050,166.600,237.600,184.940,123.630,91.670,120.290,166.200,156.070,172.720,170.810,169.310,166.740,180.710,163.290,184.810,195.350,181.020,194.430,173.630,214.460,202.660,211.160,172.680,168.230,171.540,174.840,164.460,175.760,189.440,210.520,180.130,152.630,107.280,130.580,86.540,110.600,30.750,0.000,72.120,44.690,84.130,98.780,241.810,273.700,253.690,223.200,312.470,401.650,368.770,382.000,360.780,351.320,113.750,153.090,114.180,205.900,230.030,219.810,248.030
84,326.980,387.140,240.490,241.540,220.730,331.290,330.760,317.800,320.600,315.980,323.750,333.600,317.780,312.940,310.770,323.490,333.630,327.190,322.320,350.470,334.080,310.230,316.260,313.740,312.520,313.150,316.640,309.400,314.100,310.190,289.500,329.700,317.020,391.010,352.820,378.540,334.970,385.050,342.460,323.910,383.290,311.660,276.770,259.920,256.510,236.480,211.340,282.340,232.830,162.830,142.100,185.530,238.350,228.230,244.870,242.960,241.460,238.900,252.870,235.450,256.960,267.510,253.180,266.580,245.780,286.620,274.820,283.310,244.830,240.390,243.690,246.990,236.620,247.910,261.590,282.680,252.280,224.780,179.440,202.730,158.700,182.760,40.360,72.150,0.000,101.400,156.280,152.810,219.720,259.140,202.330,206.110,297.920,387.100,354.220,367.450,346.230,336.760,71.580,93.830,76.100,147.750,171.880,181.730,209.960
85,311.370,371.530,168.690,136.350,183.980,315.680,315.150,305.760,305.410,300.370,308.070,317.990,302.950,308.850,295.160,307.880,318.020,311.580,310.280,337.940,321.550,294.550,284.180,298.070,296.850,285.940,292.000,310.150,308.270,313.120,260.290,257.900,245.220,319.210,281.030,306.750,263.170,369.440,368.590,293.830,367.680,308.520,216.790,256.780,226.600,230.800,211.340,282.350,229.690,168.380,136.410,148.860,166.550,156.430,173.070,171.160,169.660,205.780,181.070,163.650,185.160,172.680,164.600,174.620,173.990,181.430,169.630,178.120,139.640,135.200,138.500,141.800,131.430,142.730,156.400,177.490,147.090,119.590,110.670,145.210,101.170,125.230,75.500,44.750,101.430,0.000,39.810,56.050,179.380,211.270,191.260,160.780,250.050,339.230,306.350,319.580,298.360,288.890,99.220,138.560,99.650,191.370,215.500,205.280,233.500
86,313.570,373.720,170.890,99.180,135.110,317.870,317.350,307.960,307.600,302.560,310.270,320.180,305.140,311.040,297.350,310.080,320.220,313.780,312.480,340.130,323.740,296.750,286.370,300.260,299.040,288.130,294.200,312.350,310.470,315.320,263.110,260.100,247.420,321.410,283.220,308.940,265.370,371.640,370.780,296.650,369.870,344.470,219.610,309.580,249.970,265.270,250.740,321.750,269.090,207.780,175.810,178.620,168.750,158.620,175.270,173.360,171.860,207.970,183.260,165.840,187.360,159.880,151.800,161.820,176.180,168.630,159.010,157.390,129.020,97.620,106.500,102.890,94.070,96.360,97.050,139.910,126.360,98.860,112.870,148.030,111.710,137.460,114.900,84.150,156.270,39.810,0.000,35.860,130.510,162.400,142.390,111.910,201.180,290.360,257.480,270.710,249.490,240.020,117.450,156.790,117.880,209.610,233.740,188.800,217.020
87,384.310,444.470,242.550,119.840,127.250,388.620,388.090,378.700,378.350,373.310,381.010,390.930,375.890,381.790,368.100,380.820,390.960,384.520,383.220,410.880,394.490,367.490,357.110,371.010,369.790,358.870,364.940,383.090,381.210,386.060,314.850,330.840,318.160,392.150,353.970,379.680,336.110,442.380,441.530,442.830,440.620,490.650,328.500,310.860,301.720,284.880,265.430,336.430,283.770,222.460,190.490,202.940,240.410,225.230,246.010,245.020,242.600,278.710,254.010,236.590,249.350,227.060,218.980,228.990,237.840,216.660,204.300,190.750,174.320,118.290,127.170,123.550,114.730,117.030,99.480,160.580,160.560,129.140,164.610,199.770,139.900,189.200,129.580,98.830,152.710,56.040,35.860,0.000,122.650,154.540,134.530,104.050,193.320,282.500,249.620,262.850,241.630,232.160,83.650,122.990,84.080,175.800,199.930,151.620,179.840
88,424.490,484.640,282.730,161.590,2.470,428.790,428.270,418.880,418.520,413.490,421.190,431.110,416.060,421.960,408.270,421.000,431.140,424.700,423.400,451.050,434.660,407.670,397.290,411.180,409.970,399.050,405.120,423.270,421.390,426.240,451.350,371.020,358.340,432.330,394.140,419.860,376.290,482.560,481.710,483.010,480.800,530.830,368.680,526.020,471.070,489.920,385.480,588.890,543.000,364.060,332.100,297.750,280.590,265.410,286.190,285.200,282.780,318.890,294.190,276.770,289.530,267.240,259.150,269.170,278.020,256.840,244.480,230.920,214.490,160.040,171.560,174.860,156.480,160.880,103.230,202.330,200.740,197.300,222.420,257.580,230.840,247.020,271.180,240.430,225.610,207.450,137.660,129.950,0.000,35.530,32.180,13.590,82.440,171.620,138.740,151.970,130.750,121.280,154.020,193.360,149.890,208.780,232.910,119.170,141.220
89,456.560,516.720,314.810,193.670,33.830,460.870,460.350,450.960,450.600,445.560,453.270,463.180,448.140,454.040,440.350,453.080,463.220,456.780,455.480,483.130,466.740,439.750,429.370,443.260,442.040,431.130,437.200,455.350,453.470,458.320,483.430,403.100,390.420,464.410,426.220,451.940,408.370,514.640,513.780,515.090,512.870,562.910,400.750,558.100,503.150,522.000,417.560,620.960,575.080,396.140,364.170,329.820,312.670,297.490,318.270,317.280,314.860,350.970,326.260,308.840,321.610,299.310,291.230,301.250,310.090,288.920,276.560,263.000,246.570,192.120,203.630,206.930,188.560,192.960,164.650,234.410,232.810,229.380,254.500,289.660,262.910,279.090,303.260,272.510,257.680,239.530,169.740,162.030,35.550,0.000,64.260,50.350,42.950,134.680,101.800,115.030,91.260,81.790,186.100,225.440,181.970,240.860,264.990,151.250,166.950
90,436.630,496.780,294.870,173.730,36.910,440.930,440.410,431.020,430.660,425.620,433.330,443.250,428.200,434.100,420.410,433.140,443.280,436.840,435.540,463.190,446.800,419.810,409.430,423.320,422.100,411.190,417.260,435.410,433.530,438.380,463.490,383.160,370.480,444.470,406.280,432.000,388.430,494.700,493.850,495.150,492.930,542.970,380.820,538.160,483.210,502.060,397.620,601.030,555.140,376.200,344.230,309.880,292.730,277.550,298.330,297.340,294.920,331.030,306.320,288.910,301.670,279.380,271.290,281.310,290.160,268.980,256.620,243.060,226.630,172.180,183.700,186.990,168.620,173.020,144.710,214.470,212.870,209.440,234.560,269.720,242.970,259.160,283.320,252.570,202.420,219.590,149.800,142.090,32.320,64.210,0.000,33.640,106.070,195.250,162.370,175.600,154.380,144.910,130.840,170.180,126.710,175.330,199.460,85.720,113.940
91,406.690,466.840,264.930,143.790,14.650,410.990,410.470,401.080,400.720,395.680,403.390,413.300,398.260,404.160,390.470,403.200,413.340,406.900,405.600,433.250,416.860,389.870,379.490,393.380,392.160,381.250,387.320,405.470,403.590,408.440,433.550,353.220,340.540,414.530,376.340,402.060,358.490,464.760,463.900,465.210,462.990,513.030,350.870,508.220,453.270,472.120,367.680,571.090,525.200,346.260,314.290,279.940,262.790,247.610,268.390,267.400,264.980,301.090,276.380,258.960,271.730,249.430,241.350,251.370,260.210,239.040,226.680,213.120,196.690,142.240,153.760,157.050,138.680,143.080,90.990,184.530,182.930,179.500,204.620,239.780,213.030,229.220,253.380,222.630,206.190,189.650,119.860,112.150,13.640,50.250,33.470,0.000,95.220,184.400,151.520,164.750,143.530,134.060,134.600,173.940,130.470,210.070,234.200,120.460,148.680
92,495.920,556.070,354.160,233.020,80.070,500.220,499.700,490.310,489.950,484.910,492.620,502.530,487.490,493.390,479.700,492.430,502.570,496.130,494.830,522.480,506.090,479.100,468.720,482.610,481.390,470.480,476.550,494.700,492.820,497.670,522.780,442.450,429.770,503.760,465.570,491.290,447.720,553.990,553.130,554.440,552.220,602.260,440.100,597.450,542.500,561.350,456.910,660.320,614.430,435.490,403.520,369.170,352.020,336.840,357.620,356.630,354.210,390.320,365.610,348.190,360.960,338.660,330.580,340.600,349.440,328.270,315.910,302.350,285.920,231.470,242.980,246.280,227.910,232.310,204.000,273.760,272.160,268.730,293.850,329.010,302.260,318.450,342.610,311.860,297.030,278.880,209.090,201.380,81.790,42.970,105.630,95.070,0.000,94.650,61.770,80.050,52.070,42.600,225.450,264.790,221.320,282.230,306.360,192.620,165.970
93,584.970,645.130,443.210,322.080,169.120,589.280,588.750,579.370,579.010,573.970,581.670,591.590,576.550,582.450,568.760,581.480,591.620,585.180,583.880,611.540,595.150,568.150,557.780,571.670,570.450,559.540,565.600,583.750,581.870,586.720,611.840,531.510,518.830,592.810,554.630,580.350,536.770,643.040,642.190,643.490,641.280,691.320,529.160,686.510,631.550,650.410,545.970,749.370,703.480,524.550,492.580,458.230,441.070,425.890,446.670,445.680,443.260,479.380,454.670,437.250,450.010,427.720,419.640,429.660,438.500,417.320,404.970,391.410,374.980,320.520,332.040,335.340,316.970,321.370,293.050,362.810,361.220,357.790,382.910,418.070,391.320,407.500,431.670,400.910,386.090,367.930,298.150,290.440,170.840,133.930,194.690,184.120,94.630,0.000,51.610,96.440,131.230,135.110,314.500,353.840,310.370,371.290,395.420,281.670,260.540
94,552.070,612.220,410.310,289.170,136.220,556.370,555.850,546.460,546.100,541.060,548.770,558.690,543.640,549.540,535.850,548.580,558.720,552.280,550.980,578.630,562.240,535.250,524.870,538.760,537.550,526.630,532.700,550.850,548.970,553.820,578.930,498.600,485.920,559.910,521.720,547.440,503.870,610.140,609.290,610.590,608.370,658.410,496.260,653.600,598.650,617.500,513.060,716.470,670.580,491.640,459.670,425.320,408.170,392.990,413.770,412.780,410.360,446.470,421.770,404.350,417.110,394.820,386.730,396.750,405.600,384.420,372.060,358.500,342.070,287.620,299.140,302.440,284.060,288.460,260.150,329.910,328.320,324.880,350.000,385.160,358.410,374.600,398.760,368.010,353.190,335.030,265.240,257.530,137.940,101.030,161.780,151.220,61.730,51.500,0.000,45.140,98.320,102.210,281.600,320.940,277.470,338.380,362.510,248.770,227.640
95,565.450,625.600,423.690,302.550,149.600,569.750,569.230,559.840,559.480,554.440,562.150,572.070,557.020,562.920,549.230,561.960,572.100,565.660,564.360,592.010,575.620,548.630,538.250,552.140,550.930,540.010,546.080,564.230,562.350,567.200,592.310,511.980,499.300,573.290,535.100,560.820,517.250,623.520,622.670,623.970,621.750,671.790,509.640,666.980,612.030,630.880,526.440,729.850,683.960,505.020,473.060,438.700,421.550,406.370,427.150,426.160,423.740,459.850,435.150,417.730,430.490,408.200,400.110,410.130,418.980,397.800,385.440,371.880,355.450,301.000,312.520,315.820,297.440,301.840,273.530,343.290,341.700,338.260,363.380,398.540,371.790,387.980,412.140,381.390,366.570,348.410,278.620,270.910,151.320,114.410,175.160,164.600,79.420,96.400,45.110,0.000,90.150,103.850,294.980,334.320,290.850,351.760,375.890,262.150,245.330
96,544.260,604.420,402.500,281.370,128.410,548.570,548.040,538.660,538.300,533.260,540.960,550.880,535.840,541.740,528.050,540.770,550.910,544.470,543.170,570.830,554.440,527.440,517.070,530.960,529.740,518.830,524.890,543.040,541.160,546.010,571.130,490.800,478.120,552.100,513.920,539.640,496.060,602.330,601.480,602.780,600.570,650.610,488.450,645.790,590.840,609.700,505.260,708.660,662.770,483.840,451.870,417.520,400.360,385.180,405.960,404.970,402.550,438.670,413.960,396.540,409.300,387.010,378.930,388.950,397.790,376.610,364.260,350.700,334.270,279.810,291.330,294.630,276.260,280.660,252.340,322.100,320.510,317.080,342.200,377.360,350.610,366.790,390.960,360.200,345.380,327.220,257.440,249.730,130.130,91.310,153.980,143.410,51.770,131.190,98.310,91.010,0.000,23.370,273.790,313.130,269.660,330.580,354.710,240.960,204.510
97,534.780,594.930,393.020,271.880,118.930,539.080,538.560,529.170,528.810,523.770,531.480,541.400,526.350,532.250,518.560,531.290,541.430,534.990,533.690,561.340,544.950,517.960,507.580,521.470,520.250,509.340,515.410,533.560,531.680,536.530,561.640,481.310,468.630,542.620,504.430,530.150,486.580,592.850,592.000,593.300,591.080,641.120,478.970,636.310,581.360,600.210,495.770,699.180,653.290,474.350,442.380,408.030,390.880,375.700,396.480,395.490,393.070,429.180,404.470,387.060,399.820,377.530,369.440,379.460,388.310,367.130,354.770,341.210,324.780,270.330,281.850,285.140,266.770,271.170,242.860,312.620,311.020,307.590,332.710,367.870,341.120,357.310,381.470,350.720,335.900,317.740,247.950,240.240,120.650,81.830,144.490,133.930,42.280,135.040,102.160,104.920,23.330,0.000,264.310,303.650,260.180,321.090,345.220,231.480,183.440
98,464.750,524.910,322.990,200.280,149.150,469.060,468.530,459.140,458.790,453.750,461.450,471.370,456.330,462.230,448.540,461.260,471.400,464.960,463.660,491.320,474.930,447.930,437.550,451.450,450.230,439.310,445.380,463.530,461.650,466.500,338.070,411.280,398.600,472.590,434.410,460.120,416.550,522.820,521.970,394.540,521.060,382.290,294.570,330.550,327.140,307.110,281.970,352.970,303.460,233.460,212.720,228.980,320.850,305.670,326.450,325.460,323.040,359.150,334.450,317.030,329.790,307.500,299.420,309.430,318.280,297.100,284.750,271.190,254.760,198.730,207.610,203.990,195.170,197.470,179.920,241.020,241.000,209.580,199.700,222.990,178.950,203.020,110.990,113.820,71.590,99.430,117.670,83.860,148.140,187.560,130.750,134.530,226.340,315.520,282.640,295.870,274.650,265.180,0.000,40.210,4.520,93.030,117.160,110.150,138.380
99,504.020,564.170,362.260,239.550,188.420,508.320,507.800,498.410,498.050,493.010,500.720,510.640,495.590,501.490,487.800,500.530,510.670,504.230,502.930,530.580,514.190,487.200,476.820,490.710,489.500,478.580,484.650,502.800,500.920,505.770,377.340,450.550,437.870,511.860,473.670,499.390,455.820,562.090,561.240,416.790,560.320,404.540,333.840,352.790,349.380,329.360,304.210,375.220,325.700,255.700,234.970,278.400,360.120,344.940,365.720,364.730,362.310,398.420,373.720,356.300,369.060,346.770,338.680,348.700,357.550,336.370,324.010,310.450,294.020,238.000,246.880,243.260,234.440,236.730,219.190,280.290,280.270,248.850,238.960,262.260,218.220,242.280,133.230,153.090,93.830,138.700,156.940,123.130,187.410,226.830,170.010,173.800,265.600,354.790,321.900,335.130,313.920,304.450,40.190,0.000,43.790,53.880,78.010,118.070,146.600
100,464.910,525.070,323.160,200.450,144.980,469.220,468.700,459.310,458.950,453.910,461.620,471.530,456.490,462.390,448.700,461.430,471.570,465.130,463.830,491.480,475.090,448.100,437.720,451.610,450.390,439.480,445.550,463.690,461.820,466.670,338.240,411.450,398.770,472.760,434.570,460.290,416.710,522.990,522.130,371.780,521.220,386.770,294.740,335.030,331.620,311.590,286.450,357.450,307.940,237.940,217.210,229.140,321.020,305.840,326.620,325.630,323.210,359.320,334.610,317.190,329.960,307.660,299.580,309.600,318.440,297.260,284.910,271.350,254.920,198.900,207.770,204.160,195.340,197.630,180.090,241.190,241.160,209.750,199.860,223.160,179.120,203.180,115.470,113.990,76.070,99.600,117.830,84.030,143.970,183.390,126.570,130.360,222.170,311.350,278.470,291.700,270.480,261.010,4.480,43.820,0.000,96.640,120.770,105.980,134.200
101,556.850,617.010,415.100,292.390,213.570,561.160,560.640,551.250,550.890,545.850,553.560,563.470,548.430,554.330,540.640,553.370,563.510,557.070,555.770,583.420,567.030,540.040,529.660,543.550,542.330,531.420,537.490,555.640,553.760,558.610,430.180,503.390,490.710,564.700,526.510,552.230,508.650,614.930,614.070,470.810,613.160,458.550,386.680,406.810,403.400,383.370,358.230,429.230,379.720,309.720,288.990,332.420,412.960,397.780,418.560,417.570,415.150,451.260,426.550,409.130,421.900,399.600,391.520,401.540,410.380,389.200,376.850,363.290,346.860,290.840,299.710,296.100,287.280,289.570,272.030,333.130,333.100,301.690,291.800,315.100,271.060,295.120,187.250,205.930,147.850,191.540,209.770,175.970,208.970,240.860,175.470,210.290,282.720,371.900,339.020,352.250,331.030,321.560,93.020,53.940,96.630,0.000,25.180,92.380,120.920
102,581.010,641.170,439.260,316.550,237.730,585.320,584.800,575.410,575.050,570.010,577.720,587.630,572.590,578.490,564.800,577.530,587.670,581.230,579.930,607.580,591.190,564.200,553.820,567.710,566.490,555.580,561.650,579.800,577.920,582.770,454.340,527.550,514.870,588.860,550.670,576.390,532.820,639.090,638.230,494.970,637.320,482.710,410.840,430.970,427.560,407.530,382.390,453.390,403.880,333.880,313.150,356.580,437.120,421.940,442.720,441.730,439.310,475.420,450.710,433.290,446.060,423.760,415.680,425.700,434.540,413.370,401.010,387.450,371.020,315.000,323.870,320.260,311.440,313.730,296.190,357.290,357.260,325.850,315.960,339.260,295.220,319.280,211.410,230.090,172.010,215.700,233.940,200.130,233.130,265.020,199.630,234.450,306.880,396.070,363.180,376.410,355.190,345.730,117.180,78.100,120.790,25.190,0.000,116.540,145.080
103,523.660,583.820,381.910,260.770,123.950,527.970,527.440,518.060,517.700,512.660,520.370,530.280,515.240,521.140,507.450,520.180,530.310,523.870,522.570,550.230,533.840,506.850,496.470,510.360,509.140,498.230,504.300,522.440,520.560,525.410,550.530,470.200,457.520,531.500,493.320,519.040,475.460,581.740,580.880,582.180,579.970,630.010,467.850,625.200,570.240,589.100,392.160,463.170,413.660,343.650,322.920,334.860,379.760,364.580,385.360,384.370,381.950,418.070,393.360,375.940,388.700,366.410,358.330,368.350,377.190,356.010,343.660,330.100,313.670,259.210,270.730,274.030,255.660,260.060,231.740,301.500,299.910,296.480,321.600,356.760,330.010,346.190,221.190,219.700,181.780,205.310,188.730,151.610,119.350,151.240,85.850,120.670,193.100,282.280,249.400,262.630,241.410,231.940,110.200,118.060,106.070,92.440,116.570,0.000,28.730
104,551.820,611.980,410.060,288.930,139.640,556.130,555.600,546.210,545.860,540.820,548.520,558.440,543.400,549.300,535.610,548.330,558.470,552.030,550.730,578.390,562.000,535.000,524.620,538.520,537.300,526.380,532.450,550.600,548.720,553.570,578.690,498.350,485.670,559.660,521.480,547.190,503.620,609.890,609.040,610.340,608.130,658.160,496.010,653.350,598.400,617.260,420.320,491.330,441.810,371.810,351.080,363.010,407.920,392.740,413.520,412.530,410.110,446.230,421.520,404.100,416.860,394.570,386.490,396.510,405.350,384.170,371.820,358.260,341.830,287.370,298.890,302.190,283.820,288.210,259.900,329.660,328.070,324.640,349.760,384.910,358.170,374.350,249.340,247.860,209.940,233.470,216.890,179.770,141.360,166.930,114.010,148.830,165.980,260.610,227.730,246.010,204.620,183.450,138.360,146.630,134.220,121.000,145.140,28.750,0.000